PotLabel,Line,OtherNamesonRecord,DatePlanted,StandCount,StandCountCleaned,DateTaken,NumInfected,DateObserved,Replant,Year,Row,DateReplanted,StandCount1,StandCount2,StandCount3,DateReplantTaken,ReplantInfected1,ReplantInfected2,ReplantInfected3,ReplantDateObserved,SusceptibilityRating03,BadStand,Remove,SCMVTests,GenoName,GBSDataSource,EndospermType,Region,Program,2019Planting,20142015Planting,UninfectedFirstRound,PercentInfectedFirstRound,PercentUninfectedFirstRound,SusceptibilityRating02,PercentInfectedAllRounds,SusceptibilityRating05
4,BSQ1,,2019-01-29,7,7,2019-02-12,0,2019-02-21,y,13,4548,2019-05-22,6,8,7,2019-06-07,0,0,0,2019-06-17,0,Fine,Keep,TRUE,,NA,NA,,,FALSE,FALSE,7,0,100,0,0,0
6,BST1,,2019-01-29,6,6,2019-02-12,0,2019-02-21,y,13,4549,2019-05-22,6,8,7,2019-06-07,0,0,0,2019-06-17,0,Fine,Keep,TRUE,,NA,NA,,,FALSE,FALSE,6,0,100,0,0,0
14,MDM-18,,2019-01-29,8,8,2019-02-12,0,2019-02-21,y,13,4365,2019-05-22,8,8,8,2019-06-07,0,0,0,2019-06-17,0,Fine,Keep,TRUE,MDM_18,WiDivMerged,su1,,,TRUE,TRUE,8,0,100,0,0,0
16,T625,,2019-01-29,7,7,2019-02-12,0,2019-02-21,y,13,4534,2019-05-22,7,5,2,2019-06-07,0,0,0,2019-06-17,0,Fine,Keep,TRUE,T625,WiDivMerged,su1,Sou,TN,TRUE,TRUE,7,0,100,0,0,0
29,MDM-17,,2019-01-29,8,8,2019-02-12,0,2019-02-21,y,13,4364,2019-05-22,8,7,6,2019-06-07,0,0,0,2019-06-17,0,Fine,Keep,TRUE,MDM_17,WiDivMerged,su1,,,TRUE,TRUE,8,0,100,0,0,0
30,83610b,,2019-01-29,6,6,2019-02-12,0,2019-02-21,y,13,3921,2019-05-22,8,6,8,2019-06-07,0,0,0,2019-06-17,0,Fine,Keep,TRUE,83610b,WiDivMerged,su1,,,TRUE,TRUE,6,0,100,0,0,0
72,BST4,,2019-01-29,7,7,2019-02-12,0,2019-02-21,y,13,4552,2019-05-22,7,8,7,2019-06-07,0,0,0,2019-06-17,0,Fine,Keep,TRUE,,NA,NA,,,FALSE,FALSE,7,0,100,0,0,0
76,C1540,,2019-01-29,8,8,2019-02-12,0,2019-02-21,y,13,3942,2019-05-22,8,8,8,2019-06-07,0,0,0,2019-06-17,0,Fine,Keep,TRUE,C15,WiDivMerged,field,Ne,CT,TRUE,TRUE,8,0,100,0,0,0
91,Ia2256B,,2019-01-29,4,4,2019-02-12,0,2019-02-21,y,3,2427,2019-05-22,8,7,8,2019-06-07,6,3,6,2019-06-17,2,Fine,Keep,TRUE,,NA,su1,Mdw,IA,TRUE,TRUE,4,0,100,1,55.55555556,3
96,MDM-20,,2019-01-29,8,8,2019-02-12,0,2019-02-21,y,13,4366,2019-05-22,7,7,7,2019-06-07,0,0,0,2019-06-17,0,Fine,Keep,TRUE,MDM_20,WiDivMerged,su1,,,TRUE,TRUE,8,0,100,0,0,0
108,MDM3,,2019-01-29,7,7,2019-02-12,0,2019-02-21,y,13,4369,2019-05-22,8,6,5,2019-06-07,0,0,0,2019-06-17,0,Fine,Keep,TRUE,,NA,NA,,,FALSE,FALSE,7,0,100,0,0,0
111,T62s,,2019-01-29,7,7,2019-02-12,0,2019-02-21,y,13,4536,2019-05-22,6,6,8,2019-06-07,0,0,0,2019-06-17,0,Fine,Keep,TRUE,PI509045,all_sweet,su1,Sou,TN,TRUE,TRUE,7,0,100,0,0,0
125,IL794a,,2019-02-14,6 (1 small),6,2019-02-27,0,2019-03-08,y,13,4319,2019-05-22,5,6,8,2019-06-07,0,0,0,2019-06-17,0,Fine,Keep,TRUE,IL794a,WiDivMerged,su1,Mdw,IL,TRUE,TRUE,6,0,100,0,0,0
130,MDM-5,,2019-02-14,4,4,2019-02-27,0,2019-03-08,y,97,9748,2019-05-22,8,4,5,2019-06-07,0,0,0,2019-06-17,0,Fine,Keep,TRUE,MDM_5,WiDivMerged,su1,,,TRUE,TRUE,4,0,100,0,0,0
141,AS11,,2019-02-14,7,7,2019-02-27,0,2019-03-08,y,13,4547,2019-05-22,8,8,8,2019-06-07,0,0,0,2019-06-17,0,Fine,Keep,TRUE,AS11,all_sweet,su1,Mdw,MN,TRUE,TRUE,7,0,100,0,0,0
148,Ma83608,,2019-02-14,6,6,2019-02-27,0,2019-03-08,y,14,32402,2019-05-22,5,7,8,2019-06-07,0,0,0,2019-06-17,0,Fine,Keep,TRUE,Ma83608,WiDivMerged,su1,Ne,MA,TRUE,TRUE,6,0,100,0,0,0
159,IL800a,,2019-02-14,5 (2 small),5,2019-02-27,0,2019-03-08,y,13,4327,2019-05-22,5,5,6,2019-06-07,0,0,0,2019-06-17,0,Fine,Keep,TRUE,,NA,su1,Mdw,IL,TRUE,TRUE,5,0,100,0,0,0
196,83612b,,2019-02-14,8,8,2019-02-27,0,2019-03-08,y,13,3922,2019-05-22,8,8,8,2019-06-07,0,0,0,2019-06-17,0,Fine,Keep,TRUE,83612b,WiDivMerged,su1,,,TRUE,TRUE,8,0,100,0,0,0
198,CI540,,2019-02-14,8,8,2019-02-27,0,2019-03-08,y,13,4007,2019-05-22,7,7,8,2019-06-07,0,1,0,2019-06-17,1,Fine,Keep,TRUE,CI540,WiDivMerged,NA,,,TRUE,FALSE,8,0,100,1,3.333333333,1
202,B73,,2019-02-14,7,7,2019-02-27,0,2019-03-08,y,,3-1-11-4,2019-05-22,8,7,8,2019-06-07,0,1,1,2019-06-17,1,Fine,Keep,TRUE,B73,WiDivMerged,field,Mdw,IA,TRUE,TRUE,7,0,100,1,6.666666667,1
206,Ia4189,,2019-02-14,8,8,2019-02-27,0,2019-03-08,y,13,4031,2019-05-22,8,7,8,2019-06-07,6,6,4,2019-06-17,2,Fine,Keep,TRUE,Ia4189,all_sweet,su1,Mdw,IA,TRUE,TRUE,8,0,100,1,51.61290323,3
214,IL799b,,2019-02-14,6 (all small),6,2019-02-27,0,2019-03-08,y,13,4326,2019-05-22,8,8,5,2019-06-07,0,0,0,2019-06-17,0,Fine,Keep,TRUE,IL799b,WiDivMerged,su1,Mdw,IL,TRUE,TRUE,6,0,100,0,0,0
234,BST2,,2019-02-28,8,8,2019-03-15,0,2019-03-26,y,13,4550,2019-05-22,8,8,8,2019-06-07,0,0,0,2019-06-17,0,Fine,Keep,TRUE,,NA,NA,,,FALSE,FALSE,8,0,100,0,0,0
246,C15,,2019-02-28,1,1,2019-03-15,0,2019-03-26,y,0,6006,2019-05-22,4,2,1,2019-06-07,4,2,0,2019-06-17,2,Fine,Keep,TRUE,C15,WiDivMerged,su1,Ne,CT,TRUE,TRUE,1,0,100,1,75,4
247,MDM-16,,2019-02-28,8 (3 small),8,2019-03-15,0,2019-03-26,y,13,4363,2019-05-22,8,8,7,2019-06-07,0,0,0,2019-06-17,0,Fine,Keep,TRUE,MDM_16,WiDivMerged,su1,,,TRUE,TRUE,8,0,100,0,0,0
253,MDM-6,,2019-02-28,7,7,2019-03-15,0,2019-03-26,y,13,4404,2019-05-22,6,5,7,2019-06-07,0,0,0,2019-06-17,0,Fine,Keep,TRUE,MDM_6,WiDivMerged,su1,,,TRUE,TRUE,7,0,100,0,0,0
256,IL696a,,2019-02-28,7 (1 small),7,2019-03-15,0,2019-03-26,y,13,4222,2019-05-22,8,8,8,2019-06-07,0,0,0,2019-06-17,0,Fine,Keep,TRUE,IL696a,WiDivMerged,se,Mdw,IL,TRUE,TRUE,7,0,100,0,0,0
263,IL795a,,2019-02-28,7,7,2019-03-15,0,2019-03-26,y,13,4320,2019-05-22,8,8,7,2019-06-07,0,0,0,2019-06-17,0,Fine,Keep,TRUE,IL795a,WiDivMerged,su1,Mdw,IL,TRUE,TRUE,7,0,100,0,0,0
268,ILB5870,,2019-02-28,7,7,2019-03-15,0,2019-03-26,y,13,4339,2019-05-22,,,,2019-06-07,,,,2019-06-17,0,Fine,Keep,TRUE,ILB5870,WiDivMerged,su1,Mdw,IL,TRUE,TRUE,7,0,100,0,0,0
269,A632 su/su,,2019-02-28,5,5,2019-03-15,0,2019-03-26,y,14,32376,2019-05-22,3,8,8,2019-06-07,0,0,0,2019-06-17,0,Fine,Keep,TRUE,,NA,su1,Mdw,MN,TRUE,FALSE,5,0,100,0,0,0
273,ILB6011,,2019-02-28,8 (1 small),8,2019-03-15,0,2019-03-26,y,13,4340,2019-05-22,5,6,8,2019-06-07,0,0,0,2019-06-17,0,Fine,Keep,TRUE,ILB6011,WiDivMerged,su1,Mdw,IL,TRUE,TRUE,8,0,100,0,0,0
279,MDM-15,,2019-02-28,8,8,2019-03-15,0,2019-03-26,y,13,4361,2019-05-22,8,7,8,2019-06-07,0,0,0,2019-06-17,0,Fine,Keep,TRUE,MDM_15,WiDivMerged,su1,,,TRUE,TRUE,8,0,100,0,0,0
286,OH43,OH43 Su,2019-02-28,6,6,2019-03-15,0,2019-03-26,y,13,4449,2019-05-22,6,8,5,2019-06-07,2,4,2,2019-06-17,2,Fine,Keep,TRUE,Ames19288,WiDivMerged,field,Mdw,OH,TRUE,TRUE,6,0,100,1,32,2
318,OH7B,,2019-02-28,8,8,2019-03-15,0,2019-03-26,y,13,4451,2019-05-22,8,2,8,2019-06-07,0,0,0,2019-06-17,0,Fine,Keep,TRUE,Ames19323,WiDivMerged,field,Mdw,OH,FALSE,TRUE,8,0,100,0,0,0
325,IaEV3004,,2019-02-28,8,8,2019-03-15,0,2019-03-26,y,13,4042,2019-05-22,6,8,8,2019-06-07,3,5,4,2019-06-17,2,Fine,Keep,TRUE,Ames22027,all_sweet,su1,Mdw,IA,TRUE,TRUE,8,0,100,1,40,2
327,NY MDM-1,,2019-02-28,8,8,2019-03-15,0,2019-03-26,y,13,4440,2019-05-22,8,5,6,2019-06-07,0,0,0,2019-06-17,0,Fine,Keep,TRUE,MDM_1,WiDivMerged,su1,Ne,NY,FALSE,FALSE,8,0,100,0,0,0
328,STRAIN 465A-421-68B,Strain 465A-421-68(B),2019-02-28,8,8,2019-03-15,0,2019-03-26,y,13,4525,2019-05-22,8,8,8,2019-06-07,7,4,0,2019-06-17,2,Fine,Keep,TRUE,PI358530,all_sweet,su1,Mdw,IL,TRUE,FALSE,8,0,100,1,34.375,2
348,MDM-9,,2019-03-12,7,7,2019-03-26,0,2019-04-10,y,96,7738,2019-05-22,7,8,8,2019-06-07,4,0,6,2019-06-17,2,Fine,Keep,TRUE,MDM_9,WiDivMerged,su1,,,TRUE,TRUE,7,0,100,1,33.33333333,2
350,2,,2019-03-12,5,5,2019-03-26,0,2019-04-10,y,13,3857,2019-05-22,8,8,6,2019-06-07,0,0,0,2019-06-17,0,Fine,Keep,TRUE,2,WiDivMerged,su1,,,TRUE,TRUE,5,0,100,0,0,0
364,IL797a,,2019-03-12,8,8,2019-03-26,0,2019-04-10,y,13,4323,2019-05-22,8,8,8,2019-06-07,0,0,0,2019-06-17,0,Fine,Keep,TRUE,IL797a,WiDivMerged,su1,Mdw,IL,TRUE,TRUE,8,0,100,0,0,0
373,IL793a,,2019-03-12,7,7,2019-03-26,0,2019-04-10,y,13,4318,2019-05-22,8,7,7,2019-06-07,0,0,0,2019-06-17,0,Fine,Keep,TRUE,IL793a,WiDivMerged,su1,Mdw,IL,TRUE,TRUE,7,0,100,0,0,0
392,Wh13074,,2019-03-12,7,7,2019-03-26,0,2019-04-10,y,15,8169,2019-05-22,8,8,4,2019-06-07,0,0,0,2019-06-17,0,Fine,Keep,TRUE,,NA,sh2,Mdw,WI,FALSE,FALSE,7,0,100,0,0,0
396,Wh13022A,,2019-03-12,7,7,2019-03-26,0,2019-04-10,y,16,9264,2019-05-22,8,8,8,2019-06-07,0,0,0,2019-06-17,0,Fine,Keep,TRUE,,NA,sh2,Mdw,WI,TRUE,FALSE,7,0,100,0,0,0
402,Wh11005,,2019-03-12,1,1,2019-03-26,0,2019-04-10,y,14,10231,2019-05-22,1,0,1,2019-06-07,0,0,0,2019-06-17,0,Fine,Keep,TRUE,,NA,sh2,Mdw,WI,TRUE,FALSE,1,0,100,0,0,0
403,Wh13070,,2019-03-12,7,7,2019-03-26,0,2019-04-10,y,15,8166,2019-05-22,8,6,8,2019-06-07,0,0,0,2019-06-17,0,Fine,Keep,TRUE,,NA,sh2,Mdw,WI,TRUE,FALSE,7,0,100,0,0,0
405,Wh13063A,,2019-03-12,6,6,2019-03-26,0,2019-04-10,y,15,8160,2019-05-22,6,5,5,2019-06-07,0,0,0,2019-06-17,0,Fine,Keep,TRUE,,NA,sh2,Mdw,WI,TRUE,FALSE,6,0,100,0,0,0
407,Wh10231V,,2019-03-12,5,5,2019-03-26,0,2019-04-10,y,14,41528,2019-05-22,,,,2019-06-07,,,,2019-06-17,0,Fine,Keep,TRUE,Wh10231V,WiDivMerged,sh2,Mdw,WI,TRUE,TRUE,5,0,100,0,0,0
436,Wh10140R,,2019-03-12,6,6,2019-03-26,0,2019-04-10,y,14,41519,2019-05-22,5,7,2,2019-06-07,0,0,0,2019-06-17,0,Fine,Keep,TRUE,Wh10140R,WiDivMerged,sh2,Mdw,WI,TRUE,TRUE,6,0,100,0,0,0
439,Wh10173V,,2019-03-12,6,6,2019-03-26,0,2019-04-10,y,14,41521,2019-05-22,6,7,7,2019-06-07,0,0,0,2019-06-17,0,Fine,Keep,TRUE,Wh10173V,WiDivMerged,sh2,Mdw,WI,TRUE,TRUE,6,0,100,0,0,0
458,Wh12014,,2019-03-28,8,8,2019-04-10,0,2019-04-25,y,14,10246,2019-05-22,7,6,6,2019-06-07,0,0,0,2019-06-17,0,Fine,Keep,TRUE,,NA,sh2,Mdw,WI,TRUE,FALSE,8,0,100,0,0,0
459,Wh13064,,2019-03-28,8,8,2019-04-10,0,2019-04-25,y,16,9310,2019-05-22,7,7,6,2019-06-07,1,3,2,2019-06-17,2,Fine,Keep,TRUE,,NA,sh2,Mdw,WI,TRUE,FALSE,8,0,100,1,21.42857143,2
461,Wh92047,,2019-03-28,8,8,2019-04-10,0,2019-04-25,y,12,3-4-7-3(2514),2019-05-22,5,8,6,2019-06-07,0,0,0,2019-06-17,0,Fine,Keep,TRUE,Wh92047,WiDivMerged,sh2,Mdw,WI,TRUE,TRUE,8,0,100,0,0,0
462,We02412,,2019-03-28,8,8,2019-04-10,0,2019-04-25,y,14,41112,2019-05-22,6,4,,2019-06-07,0,0,,2019-06-17,0,Fine,Keep,TRUE,We02412,WiDivMerged,se,Mdw,WI,TRUE,TRUE,8,0,100,0,0,0
476,Wh10163,,2019-03-28,7,7,2019-04-10,0,2019-04-25,y,15,7922,2019-05-22,8,8,8,2019-06-07,4,3,0,2019-06-17,2,Fine,Keep,TRUE,Wh10163,WiDivMerged,sh2,Mdw,WI,TRUE,TRUE,7,0,100,1,22.58064516,2
478,Wh13040,,2019-03-28,7,7,2019-04-10,0,2019-04-25,y,15,8142,2019-05-22,7,8,8,2019-06-07,3,6,6,2019-06-17,2,Fine,Keep,TRUE,,NA,sh2,Mdw,WI,TRUE,FALSE,7,0,100,1,50,3
482,We10401,,2019-03-28,5,5,2019-04-10,0,2019-04-25,y,12,2726,2019-05-22,8,8,6,2019-06-07,6,3,4,2019-06-17,2,Fine,Keep,TRUE,We10401,WiDivMerged,se,Mdw,WI,TRUE,TRUE,5,0,100,1,48.14814815,3
484,Wh10035R,,2019-03-28,7,7,2019-04-10,0,2019-04-25,y,14,41420,2019-05-22,7,6,8,2019-06-07,6,5,8,2019-06-17,2,Fine,Keep,TRUE,Wh10035R,WiDivMerged,sh2,Mdw,WI,TRUE,TRUE,7,0,100,1,67.85714286,4
486,Wuh07469i,,2019-03-28,3,3,2019-04-10,0,2019-04-25,n,14,41712,,,,,,,,,,0,Fine,Keep,TRUE,Wuh07469i,WiDivMerged,sh2i,Mdw,WI,TRUE,TRUE,3,0,100,0,0,0
490,Wh12048V,,2019-03-28,2,2,2019-04-10,0,2019-04-25,y,14,10269,2019-05-22,7,7,4,2019-06-07,0,0,0,2019-06-17,0,Fine,Keep,TRUE,,NA,sh2,Mdw,WI,TRUE,FALSE,2,0,100,0,0,0
498,Wh10216V,,2019-03-28,7,7,2019-04-10,0,2019-04-25,y,14,41523,2019-05-22,6,5,7,2019-06-07,0,0,0,2019-06-17,0,Fine,Keep,TRUE,Wh10216V,WiDivMerged,sh2,Mdw,WI,TRUE,TRUE,7,0,100,0,0,0
534,A632,,2019-03-28,8,8,2019-04-10,0,2019-04-25,y,13,2838,2019-05-22,8,8,8,2019-06-07,0,0,0,2019-06-17,0,Fine,Keep,TRUE,A632,WiDivMerged,field,Mdw,MN,TRUE,TRUE,8,0,100,0,0,0
275,IL689a,,2019-02-28,8 (2 small),8,2019-03-15,1,2019-03-26,n,13,4219,,,,,,,,,,2,Fine,Keep,TRUE,IL689a,WiDivMerged,su1,Mdw,IL,TRUE,TRUE,7,12.5,87.5,1,12.5,1
274,Ia45-3,,2019-02-28,7 (1 small),7,2019-03-15,1,2019-03-26,n,14,32574,,,,,,,,,,2,Fine,Keep,TRUE,Ia45_3,WiDivMerged,su1,Mdw,IA,TRUE,TRUE,6,14.28571429,85.71428571,1,14.28571429,1
243,IL325a,,2019-02-28,6 (2 small),6,2019-03-15,1,2019-03-26,n,13,4106,,,,,,,,,,2,Fine,Keep,TRUE,IL325a,WiDivMerged,su1,Mdw,IL,TRUE,TRUE,5,16.66666667,83.33333333,1,16.66666667,1
359,IL14C,,2019-03-12,6,6,2019-03-26,1,2019-04-10,n,13,3863,,,,,,,,,,2,Fine,Keep,TRUE,IL14C,WiDivMerged,su1,Mdw,IL,TRUE,TRUE,5,16.66666667,83.33333333,1,16.66666667,1
272,Ia2730,,2019-02-28,5,5,2019-03-15,1,2019-03-26,n,13,4029,,,,,,,,,,2,Fine,Keep,TRUE,Ia2730,all_sweet,su1,Mdw,IA,TRUE,TRUE,4,20,80,1,20,1
190,A15,,2019-02-14,8,8,2019-02-27,2,2019-03-08,n,13,3926,,,,,,,,,,2,Fine,Keep,TRUE,A15,WiDivMerged,su1,Mdw,MN,TRUE,TRUE,6,25,75,1,25,2
222,IaEV3015,,2019-02-14,8,8,2019-02-27,2,2019-03-08,n,13,4043,,,,,,,,,,2,Fine,Keep,TRUE,IaEV3015,all_sweet,su1,Mdw,IA,TRUE,TRUE,6,25,75,1,25,2
271,NJ7Y,,2019-02-28,4 (1 small),4,2019-03-15,1,2019-03-26,n,13,4439,,,,,,,,,,2,Fine,Keep,TRUE,NJ7Y,WiDivMerged,su1,Ne,NJ,TRUE,TRUE,3,25,75,1,25,2
244,Me1,,2019-02-28,7,7,2019-03-15,2,2019-03-26,n,13,4409,,,,,,,,,,2,Fine,Keep,TRUE,Ames22037,all_sweet,su1,Ne,ME,TRUE,TRUE,5,28.57142857,71.42857143,1,28.57142857,2
306,T20-2-68(B),,2019-02-28,7,7,2019-03-15,2,2019-03-26,n,13,4527,,,,,,,,,,2,Fine,Keep,TRUE,PI358534,all_sweet,su1,Mdw,IL,FALSE,FALSE,5,28.57142857,71.42857143,1,28.57142857,2
288,Ia2256,,2019-02-28,6,6,2019-03-15,2,2019-03-26,n,14,32420,,,,,,,,,,2,Fine,Keep,TRUE,Ia2256,all_sweet,su1,Mdw,IA,TRUE,TRUE,4,33.33333333,66.66666667,1,33.33333333,2
300,IL14H-1014:74,,2019-02-28,6,6,2019-03-15,2,2019-03-26,n,13,3864,,,,,,,,,,2,Fine,Keep,TRUE,Ames27118,all_sweet,su1,Mdw,IL,FALSE,FALSE,4,33.33333333,66.66666667,1,33.33333333,2
304,IL747b (se),,2019-02-28,6,6,2019-03-15,2,2019-03-26,n,13,4241,,,,,,,,,,2,Fine,Keep,TRUE,IL747b,WiDivMerged,se,Mdw,IL,FALSE,FALSE,4,33.33333333,66.66666667,1,33.33333333,2
475,Wuh09153i,,2019-03-28,6,6,2019-04-10,2,2019-04-25,n,14,41805,,,,,,,,,,2,Fine,Keep,TRUE,Wuh09153i,WiDivMerged,sh2i,Mdw,WI,TRUE,TRUE,4,33.33333333,66.66666667,1,33.33333333,2
521,Wuh07428i,,2019-03-28,6,6,2019-04-10,2,2019-04-25,n,14,41624,,,,,,,,,,2,Fine,Keep,TRUE,,NA,sh2i,Mdw,WI,TRUE,FALSE,4,33.33333333,66.66666667,1,33.33333333,2
66,W64A,,2019-01-29,8,8,2019-02-12,3,2019-02-21,n,8,7321,,,,,,,,,,2,Fine,Keep,TRUE,PI587152,WiDivMerged,field,Mdw,WI,TRUE,TRUE,5,37.5,62.5,1,37.5,2
226,IL101T,,2019-02-28,8,8,2019-03-15,3,2019-03-26,n,18,8616,,,,,,,,,,2,Fine,Keep,TRUE,Ames27119,all_sweet,su1,Mdw,IL,TRUE,TRUE,5,37.5,62.5,1,37.5,2
229,C5 Ark 1956,,2019-02-28,8 (3 small),8,2019-03-15,3,2019-03-26,n,0,6016,,,,,,,,,,2,Fine,Keep,TRUE,Ames22011,all_sweet,su1,Ne,CT,FALSE,FALSE,5,37.5,62.5,1,37.5,2
265,P39LE-261:61,,2019-02-28,8 (1 small),8,2019-03-15,3,2019-03-26,n,13,4501,,,,,,,,,,2,Fine,Keep,TRUE,P39LE_261_61,WiDivMerged,su1,Mdw,IN,FALSE,TRUE,5,37.5,62.5,1,37.5,2
322,C90,,2019-02-28,8,8,2019-03-15,3,2019-03-26,n,13,4006,,,,,,,,,,2,Fine,Keep,TRUE,Ames22024,all_sweet,su1,Ne,CT,TRUE,TRUE,5,37.5,62.5,1,37.5,2
267,If853,,2019-02-28,5 (3 small),5,2019-03-15,2,2019-03-26,n,13,4045,,,,,,,,,,2,Fine,Keep,TRUE,If853,all_sweet,sh2,,,TRUE,TRUE,3,40,60,1,40,2
232,P14,,2019-02-28,7 (1 small),7,2019-03-15,3,2019-03-26,n,14,32569,,,,,,,,,,2,Fine,Keep,TRUE,P14,WiDivMerged,su1,Mdw,IN,TRUE,TRUE,4,42.85714286,57.14285714,1,42.85714286,3
248,C8 white,,2019-02-28,7 (1 small),7,2019-03-15,3,2019-03-26,n,13,4004,,,,,,,,,,2,Fine,Keep,TRUE,C8w,all_sweet,su1,Ne,CT,FALSE,FALSE,4,42.85714286,57.14285714,1,42.85714286,3
266,IL200e,,2019-02-28,7 (1 small),7,2019-03-15,3,2019-03-26,n,13,4065,,,,,,,,,,2,Fine,Keep,TRUE,IL200e,WiDivMerged,su1,Mdw,IL,TRUE,TRUE,4,42.85714286,57.14285714,1,42.85714286,3
276,Ia45-2,,2019-02-28,7 (1 small),7,2019-03-15,3,2019-03-26,n,14,32573,,,,,,,,,,2,Fine,Keep,TRUE,Ia45_2,WiDivMerged,su1,Mdw,IA,TRUE,TRUE,4,42.85714286,57.14285714,1,42.85714286,3
308,IL515a,,2019-02-28,7,7,2019-03-15,3,2019-03-26,n,14,32415,,,,,,,,,,2,Fine,Keep,TRUE,IL515a,WiDivMerged,su1,Mdw,IL,TRUE,TRUE,4,42.85714286,57.14285714,1,42.85714286,3
317,IL369b,,2019-02-28,7 (2 small),7,2019-03-15,3,2019-03-26,n,14,32417,,,,,,,,,,2,Fine,Keep,TRUE,IL369b,WiDivMerged,su1,Mdw,IL,TRUE,TRUE,4,42.85714286,57.14285714,1,42.85714286,3
321,Ia45-1,,2019-02-28,7,7,2019-03-15,3,2019-03-26,n,14,32572,,,,,,,,,,2,Fine,Keep,TRUE,Ia45_1,WiDivMerged,su1,Mdw,IA,TRUE,TRUE,4,42.85714286,57.14285714,1,42.85714286,3
335,EP85,,2019-02-28,7,7,2019-03-15,3,2019-03-26,n,14,31227,,,,,,,,,,2,Fine,Keep,TRUE,EP85,all_sweet,sh2,Int,SP,TRUE,TRUE,4,42.85714286,57.14285714,1,42.85714286,3
376,SD883,,2019-03-12,7,7,2019-03-26,3,2019-04-10,n,14,32370,,,,,,,,,,2,Fine,Keep,TRUE,SD883,WiDivMerged,su1,Mdw,SD,TRUE,TRUE,4,42.85714286,57.14285714,1,42.85714286,3
31,NJ159,,2019-01-29,8,8,2019-02-12,4,2019-02-21,n,13,4437,,,,,,,,,,2,Fine,Keep,TRUE,NJ159,WiDivMerged,su1,Ne,NJ,TRUE,TRUE,4,50,50,1,50,3
46,IL713a,,2019-01-29,6,6,2019-02-12,3,2019-02-21,n,13,4230,,,,,,,,,,2,Fine,Keep,TRUE,IL713a,WiDivMerged,su1,Mdw,IL,TRUE,TRUE,3,50,50,1,50,3
104,C68 su,,2019-01-29,8,8,2019-02-12,4,2019-02-21,n,13,3968,,,,,,,,,,2,Fine,Keep,TRUE,C68,all_sweet,su1,Ne,CT,FALSE,FALSE,4,50,50,1,50,3
176,HotevillaAzwhitesweetcorn_1,Hotevilla Az. white sweet corn-1,2019-02-14,8,8,2019-02-27,4,2019-03-08,n,44,31223,,,,,,,,,,2,Fine,Keep,TRUE,HotevillaAzwhitesweetcorn_1,all_sweet,su1,,,TRUE,FALSE,4,50,50,1,50,3
195,NJ116Wb,NJ 116 Wb,2019-02-14,8,8,2019-02-27,4,2019-03-08,n,0,6054,,,,,,,,,,2,Fine,Keep,TRUE,Ames22046,all_sweet,NA,Ne,NJ,TRUE,FALSE,4,50,50,1,50,3
237,Ia59,,2019-02-28,8,8,2019-03-15,4,2019-03-26,n,13,3866,,,,,,,,,,2,Fine,Keep,TRUE,Ia59,all_sweet,su1,Mdw,IA,TRUE,TRUE,4,50,50,1,50,3
270,IL701e,,2019-02-28,8 (1 small),8,2019-03-15,4,2019-03-26,n,14,32411,,,,,,,,,,2,Fine,Keep,TRUE,IL701e,WiDivMerged,su1,Mdw,IL,TRUE,TRUE,4,50,50,1,50,3
277,IL134,,2019-02-28,8,8,2019-03-15,4,2019-03-26,n,18,8647,,,,,,,,,,2,Fine,Keep,TRUE,,0,su1,Mdw,IL,FALSE,TRUE,4,50,50,1,50,3
280,MR10 (Cristalino Norteno) S6,,2019-02-28,6,6,2019-03-15,3,2019-03-26,n,14,32564,,,,,,,,,,2,Fine,Keep,TRUE,MR10,WiDivMerged,sh2i,Mdw,WI,TRUE,FALSE,3,50,50,1,50,3
307,IL788a,,2019-02-28,8,8,2019-03-15,4,2019-03-26,n,13,4315,,,,,,,,,,2,Fine,Keep,TRUE,IL788a,WiDivMerged,su1,Mdw,IL,TRUE,TRUE,4,50,50,1,50,3
316,IL13B,,2019-02-28,6,6,2019-03-15,3,2019-03-26,n,13,3861,,,,,,,,,,2,Fine,Keep,TRUE,IL13B,WiDivMerged,su1,Mdw,IL,TRUE,TRUE,3,50,50,1,50,3
324,IL801a,,2019-02-28,6,6,2019-03-15,3,2019-03-26,n,14,32407,,,,,,,,,,2,Fine,Keep,TRUE,IL801a,WiDivMerged,su1,Mdw,IL,TRUE,TRUE,3,50,50,1,50,3
329,Ia2015 (yar) (A),,2019-02-28,6,6,2019-03-15,3,2019-03-26,n,14,32422,,,,,,,,,,2,Fine,Keep,TRUE,Ia2015,all_sweet,su1,Mdw,IA,FALSE,FALSE,3,50,50,1,50,3
366,M23,,2019-03-12,6,6,2019-03-26,3,2019-04-10,n,13,4345,,,,,,,,,,2,Fine,Keep,TRUE,Ames22034,all_sweet,su1,,,TRUE,TRUE,3,50,50,1,50,3
406,Wh10113R,,2019-03-12,4,4,2019-03-26,2,2019-04-10,n,10,41330,,,,,,,,,,2,Fine,Keep,TRUE,Wh10113R,WiDivMerged,sh2,Mdw,WI,TRUE,TRUE,2,50,50,1,50,3
435,Wh10080,,2019-03-12,6,6,2019-03-26,3,2019-04-10,n,12,2713,,,,,,,,,,2,Fine,Keep,TRUE,Wh10080,WiDivMerged,sh2,Mdw,WI,TRUE,TRUE,3,50,50,1,50,3
455,Wuh07466i,,2019-03-28,8,8,2019-04-10,4,2019-04-25,n,8,2-2-13-4,,,,,,,,,,2,Fine,Keep,TRUE,Wuh07466i,WiDivMerged,sh2,Mdw,WI,TRUE,TRUE,4,50,50,1,50,3
474,Wuh09093i,,2019-03-28,4,4,2019-04-10,2,2019-04-25,n,14,41727,,,,,,,,,,2,Fine,Keep,TRUE,Wuh09093i,WiDivMerged,sh2i,Mdw,WI,TRUE,TRUE,2,50,50,1,50,3
477,Wh10006R,,2019-03-28,2,2,2019-04-10,1,2019-04-25,n,14,41417,,,,,,,,,,2,Bad,Caution,TRUE,Wh10006R,WiDivMerged,sh2,Mdw,WI,TRUE,TRUE,1,50,50,1,50,3
480,Wh04020a,,2019-03-28,4,4,2019-04-10,2,2019-04-25,n,14,41226,,,,,,,,,,2,Fine,Keep,TRUE,Wh04020a,WiDivMerged,sh2,Mdw,WI,TRUE,TRUE,2,50,50,1,50,3
493,Wh05070a,,2019-03-28,4,4,2019-04-10,2,2019-04-25,n,14,41228,,,,,,,,,,2,Fine,Keep,TRUE,,NA,sh2,Mdw,WI,TRUE,FALSE,2,50,50,1,50,3
503,Wh12008,,2019-03-28,4,4,2019-04-10,2,2019-04-25,n,14,10241,,,,,,,,,,2,Fine,Keep,TRUE,,NA,sh2,Mdw,WI,TRUE,FALSE,2,50,50,1,50,3
506,Wh10127R,,2019-03-28,8,8,2019-04-10,4,2019-04-25,n,10,41344,,,,,,,,,,2,Fine,Keep,TRUE,,NA,sh2,Mdw,WI,TRUE,FALSE,4,50,50,1,50,3
522,Wuh07492i,,2019-03-28,4,4,2019-04-10,2,2019-04-25,n,14,41722,,,,,,,,,,2,Fine,Keep,TRUE,,NA,sh2i,Mdw,WI,TRUE,FALSE,2,50,50,1,50,3
67,OLCOTT,,2019-01-29,7,7,2019-02-12,4,2019-02-21,n,13,4453,,,,,,,,,,2,Fine,Keep,TRUE,OLCOTT,WiDivMerged,su1,,,TRUE,TRUE,3,57.14285714,42.85714286,1,57.14285714,3
219,MDM-12,,2019-02-14,7,7,2019-02-27,4,2019-03-08,n,94,3901,,,,,,,,,,2,Fine,Keep,TRUE,MDM_12,all_sweet,su1,,,TRUE,TRUE,3,57.14285714,42.85714286,1,57.14285714,3
227,EP61,,2019-02-28,7,7,2019-03-15,4,2019-03-26,n,14,31154,,,,,,,,,,2,Fine,Keep,TRUE,EP61,all_sweet,su1,Int,SP,TRUE,TRUE,3,57.14285714,42.85714286,1,57.14285714,3
235,IL125a,,2019-02-28,7 (1 small),7,2019-03-15,4,2019-03-26,n,13,4057,,,,,,,,,,2,Fine,Keep,TRUE,,NA,NA,Mdw,IL,TRUE,FALSE,3,57.14285714,42.85714286,1,57.14285714,3
254,C13et-123:68,,2019-02-28,7,7,2019-03-15,4,2019-03-26,n,13,3939,,,,,,,,,,2,Fine,Keep,TRUE,PI587126,all_sweet,su1,Ne,CT,FALSE,FALSE,3,57.14285714,42.85714286,1,57.14285714,3
259,Il677a,,2019-02-28,7 (2 small),7,2019-03-15,4,2019-03-26,n,13,4210,,,,,,,,,,2,Fine,Keep,TRUE,Ames27120,all_sweet,se,Mdw,IL,TRUE,TRUE,3,57.14285714,42.85714286,1,57.14285714,3
261,IaEV3002,,2019-02-28,7,7,2019-03-15,4,2019-03-26,n,13,4041,,,,,,,,,,2,Fine,Keep,TRUE,IaEV3002,all_sweet,su1,Mdw,IA,TRUE,TRUE,3,57.14285714,42.85714286,1,57.14285714,3
283,C3,,2019-02-28,7 (2 small),7,2019-03-15,4,2019-03-26,n,13,3951,,,,,,,,,,2,Fine,Keep,TRUE,Ames26812,all_sweet,su1,Ne,CT,TRUE,TRUE,3,57.14285714,42.85714286,1,57.14285714,3
312,W6714,,2019-02-28,7,7,2019-03-15,4,2019-03-26,n,14,32210,,,,,,,,,,2,Fine,Keep,TRUE,Ames22061,all_sweet,su1,Mdw,WI,TRUE,TRUE,3,57.14285714,42.85714286,1,57.14285714,3
315,IL648,,2019-02-28,7,7,2019-03-15,4,2019-03-26,n,13,4203,,,,,,,,,,2,Fine,Keep,TRUE,IL648,WiDivMerged,su1,Mdw,IL,TRUE,TRUE,3,57.14285714,42.85714286,1,57.14285714,3
330,IL772b,,2019-02-28,7 (1 small),7,2019-03-15,4,2019-03-26,n,13,4260,,,,,,,,,,2,Fine,Keep,TRUE,,NA,NA,Mdw,IL,FALSE,FALSE,3,57.14285714,42.85714286,1,57.14285714,3
371,IL796a,,2019-03-12,7,7,2019-03-26,4,2019-04-10,n,13,4321,,,,,,,,,,2,Fine,Keep,TRUE,IL796a,WiDivMerged,su1,Mdw,IL,TRUE,TRUE,3,57.14285714,42.85714286,1,57.14285714,3
408,Wh09137R,,2019-03-12,7,7,2019-03-26,4,2019-04-10,n,10,41553,,,,,,,,,,2,Fine,Keep,TRUE,Wh09137R,WiDivMerged,sh2,Mdw,WI,TRUE,TRUE,3,57.14285714,42.85714286,1,57.14285714,3
447,Wh13053,,2019-03-12,7,7,2019-03-26,4,2019-04-10,n,15,8155,,,,,,,,,,2,Fine,Keep,TRUE,,NA,sh2,Mdw,WI,TRUE,FALSE,3,57.14285714,42.85714286,1,57.14285714,3
466,We08424,,2019-03-28,7,7,2019-04-10,4,2019-04-25,n,14,41209,,,,,,,,,,2,Fine,Keep,TRUE,,NA,se,Mdw,WI,TRUE,FALSE,3,57.14285714,42.85714286,1,57.14285714,3
518,Wu0184R,,2019-03-28,7,7,2019-04-10,4,2019-04-25,n,,,,,,,,,,,,2,Fine,Keep,TRUE,,NA,NA,Mdw,WI,FALSE,FALSE,3,57.14285714,42.85714286,1,57.14285714,3
520,Wh11001,,2019-03-28,7,7,2019-04-10,4,2019-04-25,n,14,41607,,,,,,,,,,2,Fine,Keep,TRUE,,NA,sh2,Mdw,WI,TRUE,FALSE,3,57.14285714,42.85714286,1,57.14285714,3
165,C5,,2019-02-14,5,5,2019-02-27,3,2019-03-08,n,94,3807,,,,,,,,,,2,Fine,Keep,TRUE,Ames26813,all_sweet,su1,Ne,CT,TRUE,TRUE,2,60,40,1,60,3
264,C5-NT,,2019-02-28,5,5,2019-03-15,3,2019-03-26,n,13,3964,,,,,,,,,,2,Fine,Keep,TRUE,C5_NT,WiDivMerged,su1,Ne,CT,TRUE,TRUE,2,60,40,1,60,3
281,I817,,2019-02-28,5 (1 small),5,2019-03-15,3,2019-03-26,n,13,4021,,,,,,,,,,2,Fine,Keep,TRUE,I817,WiDivMerged,su1,,,TRUE,TRUE,2,60,40,1,60,3
358,IL618b,,2019-03-12,5,5,2019-03-26,3,2019-04-10,n,13,4202,,,,,,,,,,2,Fine,Keep,TRUE,IL618b,WiDivMerged,su1,Mdw,IL,TRUE,TRUE,2,60,40,1,60,3
387,Wuh09097i,,2019-03-12,5,5,2019-03-26,3,2019-04-10,n,15,8105,,,,,,,,,,2,Fine,Keep,TRUE,Wuh09097i,WiDivMerged,sh2i,Mdw,WI,TRUE,TRUE,2,60,40,1,60,3
391,Wuh09170i,,2019-03-12,5,5,2019-03-26,3,2019-04-10,n,14,41815,,,,,,,,,,2,Fine,Keep,TRUE,Wuh09170i,WiDivMerged,sh2i,Mdw,WI,TRUE,TRUE,2,60,40,1,60,3
426,Wh09061,,2019-03-12,5,5,2019-03-26,3,2019-04-10,n,14,41401,,,,,,,,,,2,Fine,Keep,TRUE,Wh09061,WiDivMerged,sh2,Mdw,WI,TRUE,TRUE,2,60,40,1,60,3
481,Wh05066a,,2019-03-28,5,5,2019-04-10,3,2019-04-25,n,8,3-2-14-8,,,,,,,,,,2,Fine,Keep,TRUE,Wh05066a,WiDivMerged,sh2,Mdw,WI,TRUE,TRUE,2,60,40,1,60,3
487,Wu04819,,2019-03-28,5,5,2019-04-10,3,2019-04-25,n,14,41609,,,,,,,,,,2,Fine,Keep,TRUE,Wu04819,WiDivMerged,su1,Mdw,WI,FALSE,TRUE,2,60,40,1,60,3
533,Wuh07413,,2019-03-28,5,5,2019-04-10,3,2019-04-25,n,12.13CCOWN,2760,,,,,,,,,,2,Fine,Keep,TRUE,Wuh07413i,WiDivMerged,sh2i,Mdw,WI,FALSE,FALSE,2,60,40,1,60,3
22,IL101Q,,2019-01-29,8,8,2019-02-12,5,2019-02-21,n,13,4046,,,,,,,,,,2,Fine,Keep,TRUE,,NA,NA,Mdw,IL,TRUE,FALSE,3,62.5,37.5,1,62.5,4
28,IL607a,,2019-01-29,8,8,2019-02-12,5,2019-02-21,n,13,4168,,,,,,,,,,2,Fine,Keep,TRUE,IL607a,WiDivMerged,su1,Mdw,IL,TRUE,TRUE,3,62.5,37.5,1,62.5,4
40,W7151,,2019-01-29,8,8,2019-02-12,5,2019-02-21,n,14,32206,,,,,,,,,,2,Fine,Keep,TRUE,Ames22067,all_sweet,su1,Mdw,WI,TRUE,TRUE,3,62.5,37.5,1,62.5,4
69,Ia2076,,2019-01-29,8,8,2019-02-12,5,2019-02-21,n,14,32421,,,,,,,,,,2,Fine,Keep,TRUE,Ames22029,all_sweet,su1,Mdw,IA,TRUE,TRUE,3,62.5,37.5,1,62.5,4
73,Ia5261,,2019-01-29,8,8,2019-02-12,5,2019-02-21,n,14,32201,,,,,,,,,,2,Fine,Keep,TRUE,Ia5261,all_sweet,su1,Mdw,IA,TRUE,TRUE,3,62.5,37.5,1,62.5,4
84,Ia453,,2019-01-29,8,8,2019-02-12,5,2019-02-21,n,13,4033,,,,,,,,,,2,Fine,Keep,TRUE,Ia453,WiDivMerged,su1,Mdw,IA,TRUE,TRUE,3,62.5,37.5,1,62.5,4
87,C68,,2019-01-29,8,8,2019-02-12,5,2019-02-21,n,13,3966,,,,,,,,,,2,Fine,Keep,TRUE,C68,WiDivMerged,su1,Ne,CT,TRUE,TRUE,3,62.5,37.5,1,62.5,4
116,CTS6-2,,2019-02-14,8 (3 fairy),8,2019-02-27,5,2019-03-08,n,13,4009,,,,,,,,,,2,Fine,Keep,TRUE,,NA,NA,,,TRUE,FALSE,3,62.5,37.5,1,62.5,4
191,B5870,,2019-02-14,8,8,2019-02-27,5,2019-03-08,n,13,3935,,,,,,,,,,2,Fine,Keep,TRUE,B5870,WiDivMerged,su1,Mdw,IL,TRUE,TRUE,3,62.5,37.5,1,62.5,4
201,IL370a (su),,2019-02-14,8,8,2019-02-27,5,2019-03-08,n,13,4113,,,,,,,,,,2,Fine,Keep,TRUE,IL370a,WiDivMerged,su1,Mdw,IL,FALSE,FALSE,3,62.5,37.5,1,62.5,4
238,IL791a,,2019-02-28,8,8,2019-03-15,5,2019-03-26,n,18,9311,,,,,,,,,,2,Fine,Keep,TRUE,IL791a,WiDivMerged,su1,Mdw,IL,FALSE,TRUE,3,62.5,37.5,1,62.5,4
301,IL768a (se),,2019-02-28,8,8,2019-03-15,5,2019-03-26,n,13,4256,,,,,,,,,,2,Fine,Keep,TRUE,,NA,NA,Mdw,IL,FALSE,FALSE,3,62.5,37.5,1,62.5,4
303,IL699e,,2019-02-28,8 (1 small),8,2019-03-15,5,2019-03-26,n,13,4223,,,,,,,,,,2,Fine,Keep,TRUE,IL699e,all_sweet,su1,Mdw,IL,TRUE,TRUE,3,62.5,37.5,1,62.5,4
314,C31,,2019-02-28,8,8,2019-03-15,5,2019-03-26,n,13,3953,,,,,,,,,,2,Fine,Keep,TRUE,Ames22020,all_sweet,su1,Ne,CT,TRUE,TRUE,3,62.5,37.5,1,62.5,4
319,IL789b,,2019-02-28,8 (1 small),8,2019-03-15,5,2019-03-26,n,18,9308,,,,,,,,,,2,Fine,Keep,TRUE,IL789b,WiDivMerged,su1,Mdw,IL,TRUE,TRUE,3,62.5,37.5,1,62.5,4
326,IL557a,,2019-02-28,8,8,2019-03-15,5,2019-03-26,n,13,4162,,,,,,,,,,2,Fine,Keep,TRUE,IL557a,WiDivMerged,su1,Mdw,IL,TRUE,TRUE,3,62.5,37.5,1,62.5,4
379,Wh09126R,,2019-03-12,8,8,2019-03-26,5,2019-04-10,n,14,41413,,,,,,,,,,2,Fine,Keep,TRUE,Wh09126R,WiDivMerged,sh2,Mdw,WI,TRUE,TRUE,3,62.5,37.5,1,62.5,4
386,Wuh07177i,,2019-03-12,8,8,2019-03-26,5,2019-04-10,n,14,41611,,,,,,,,,,2,Fine,Keep,TRUE,Wuh07177i,WiDivMerged,sh2i,Mdw,WI,TRUE,TRUE,3,62.5,37.5,1,62.5,4
393,Wh10046R,,2019-03-12,8,8,2019-03-26,5,2019-04-10,n,14,41422,,,,,,,,,,2,Fine,Keep,TRUE,Wh10046R,WiDivMerged,sh2,Mdw,WI,TRUE,TRUE,3,62.5,37.5,1,62.5,4
445,Wh09083,,2019-03-12,8,8,2019-03-26,5,2019-04-10,n,15,7855,,,,,,,,,,2,Fine,Keep,TRUE,Wh09083,WiDivMerged,sh2,Mdw,WI,TRUE,TRUE,3,62.5,37.5,1,62.5,4
451,W822GSe,,2019-03-28,8,8,2019-04-10,5,2019-04-25,n,10,41261,,,,,,,,,,2,Fine,Keep,TRUE,W822GSE,all_sweet,se,Mdw,WI,TRUE,TRUE,3,62.5,37.5,1,62.5,4
465,Wh10137R,,2019-03-28,8,8,2019-04-10,5,2019-04-25,n,10,41354,,,,,,,,,,2,Fine,Keep,TRUE,,NA,sh2,Mdw,WI,TRUE,FALSE,3,62.5,37.5,1,62.5,4
468,We08405,,2019-03-28,8,8,2019-04-10,5,2019-04-25,n,14,41201,,,,,,,,,,2,Fine,Keep,TRUE,,NA,se,Mdw,WI,TRUE,FALSE,3,62.5,37.5,1,62.5,4
497,Wh01001,,2019-03-28,8,8,2019-04-10,5,2019-04-25,n,15,7856,,,,,,,,,,2,Fine,Keep,TRUE,Wh01001,WiDivMerged,sh2,Mdw,WI,TRUE,TRUE,3,62.5,37.5,1,62.5,4
556,We11404,,2019-05-22,8,8,2019-06-07,5,2019-06-17,n,13,8508,,,,,,,,,,2,Fine,Keep,TRUE,,NA,se,Mdw,WI,FALSE,TRUE,3,62.5,37.5,1,62.5,4
209,DF14 Su,,2019-02-14,3,3,2019-02-27,2,2019-03-08,n,13,4010,,,,,,,,,,2,Fine,Keep,TRUE,DF14,all_sweet,field,,,FALSE,FALSE,1,66.66666667,33.33333333,1,66.66666667,4
236,Ia5125 su,,2019-02-28,6,6,2019-03-15,4,2019-03-26,n,10,7618,,,,,,,,,,2,Fine,Keep,TRUE,PI587135,all_sweet,su1,Mdw,IA,FALSE,FALSE,2,66.66666667,33.33333333,1,66.66666667,4
241,IL766a (se),,2019-02-28,6 (1 small),6,2019-03-15,4,2019-03-26,n,13,4250,,,,,,,,,,2,Fine,Keep,TRUE,IL766a,WiDivMerged,se,Mdw,IL,FALSE,FALSE,2,66.66666667,33.33333333,1,66.66666667,4
251,IL366a,,2019-02-28,6,6,2019-03-15,4,2019-03-26,n,13,4109,,,,,,,,,,2,Fine,Keep,TRUE,IL366a,WiDivMerged,su1,Mdw,IL,TRUE,TRUE,2,66.66666667,33.33333333,1,66.66666667,4
258,IL733a,,2019-02-28,6 (1 small),6,2019-03-15,4,2019-03-26,n,13,4236,,,,,,,,,,2,Fine,Keep,TRUE,IL733a,WiDivMerged,su1,Mdw,IL,TRUE,TRUE,2,66.66666667,33.33333333,1,66.66666667,4
260,IL648a,,2019-02-28,3,3,2019-03-15,2,2019-03-26,n,13,4204,,,,,,,,,,2,Fine,Keep,TRUE,IL648,WiDivMerged,su1,Mdw,IL,FALSE,FALSE,1,66.66666667,33.33333333,1,66.66666667,4
262,IL761a,,2019-02-28,3,3,2019-03-15,2,2019-03-26,n,13,4245,,,,,,,,,,2,Fine,Keep,TRUE,IL761a,WiDivMerged,su1,Mdw,IL,TRUE,TRUE,1,66.66666667,33.33333333,1,66.66666667,4
290,IL354a,,2019-02-28,6,6,2019-03-15,4,2019-03-26,n,13,4108,,,,,,,,,,2,Fine,Keep,TRUE,IL354a,WiDivMerged,su1,Mdw,IL,TRUE,TRUE,2,66.66666667,33.33333333,1,66.66666667,4
294,C22,,2019-02-28,6,6,2019-03-15,4,2019-03-26,n,14,32221,,,,,,,,,,2,Fine,Keep,TRUE,Ames22018,all_sweet,su1,Ne,CT,TRUE,TRUE,2,66.66666667,33.33333333,1,66.66666667,4
311,IL543c,,2019-02-28,6,6,2019-03-15,4,2019-03-26,n,13,4159,,,,,,,,,,2,Fine,Keep,TRUE,IL543c,WiDivMerged,su1,Mdw,IL,TRUE,TRUE,2,66.66666667,33.33333333,1,66.66666667,4
320,P39(New),,2019-02-28,6,6,2019-03-15,4,2019-03-26,n,13,4460,,,,,,,,,,2,Fine,Keep,TRUE,P39_New,WiDivMerged,su1,Mdw,IN,TRUE,TRUE,2,66.66666667,33.33333333,1,66.66666667,4
334,IL21f,,2019-02-28,6,6,2019-03-15,4,2019-03-26,n,13,4067,,,,,,,,,,2,Fine,Keep,TRUE,IL21f,WiDivMerged,su1,Mdw,IL,TRUE,TRUE,2,66.66666667,33.33333333,1,66.66666667,4
345,IL107a,,2019-03-12,3,3,2019-03-26,2,2019-04-10,n,18,8625,,,,,,,,,,2,Fine,Keep,TRUE,,NA,su1,Mdw,IL,FALSE,TRUE,1,66.66666667,33.33333333,1,66.66666667,4
347,If825,,2019-03-12,3,3,2019-03-26,2,2019-04-10,n,13,4044,,,,,,,,,,2,Fine,Keep,TRUE,If825,WiDivMerged,sh2,,,TRUE,TRUE,1,66.66666667,33.33333333,1,66.66666667,4
381,Wh09009,,2019-03-12,6,6,2019-03-26,4,2019-04-10,n,14,4324,,,,,,,,,,2,Fine,Keep,TRUE,Wh09009,WiDivMerged,sh2,Mdw,WI,TRUE,TRUE,2,66.66666667,33.33333333,1,66.66666667,4
382,Wh13048,,2019-03-12,3,3,2019-03-26,2,2019-04-10,n,16,9303,,,,,,,,,,2,Fine,Keep,TRUE,,NA,sh2,Mdw,WI,TRUE,FALSE,1,66.66666667,33.33333333,1,66.66666667,4
398,Wuh12039i,,2019-03-12,6,6,2019-03-26,4,2019-04-10,n,14,10262,,,,,,,,,,2,Fine,Keep,TRUE,,NA,sh2i,Mdw,WI,TRUE,FALSE,2,66.66666667,33.33333333,1,66.66666667,4
421,We08414a,,2019-03-12,3,3,2019-03-26,2,2019-04-10,n,11,7930,,,,,,,,,,2,Fine,Keep,TRUE,We08414a,WiDivMerged,se,Mdw,WI,TRUE,TRUE,1,66.66666667,33.33333333,1,66.66666667,4
423,Wuh07422i,,2019-03-12,6,6,2019-03-26,4,2019-04-10,n,14,41622,,,,,,,,,,2,Fine,Keep,TRUE,Wuh07422i,WiDivMerged,sh2i,Mdw,WI,TRUE,TRUE,2,66.66666667,33.33333333,1,66.66666667,4
428,Wh08092,,2019-03-12,6,6,2019-03-26,4,2019-04-10,n,15,7912,,,,,,,,,,2,Fine,Keep,TRUE,Wh08092,WiDivMerged,sh2,Mdw,WI,TRUE,TRUE,2,66.66666667,33.33333333,1,66.66666667,4
437,Wuh09188i,,2019-03-12,6,6,2019-03-26,4,2019-04-10,n,14,41822,,,,,,,,,,2,Fine,Keep,TRUE,Wuh09188i,WiDivMerged,sh2i,Mdw,WI,TRUE,TRUE,2,66.66666667,33.33333333,1,66.66666667,4
440,Wh07029,,2019-03-12,6,6,2019-03-26,4,2019-04-10,n,15,7861,,,,,,,,,,2,Fine,Keep,TRUE,,NA,sh2,Mdw,WI,TRUE,FALSE,2,66.66666667,33.33333333,1,66.66666667,4
444,Wh07020a,,2019-03-12,3,3,2019-03-26,2,2019-04-10,n,9.10 CCOWN,2053,,,,,,,,,,2,Fine,Keep,TRUE,Wh07020a,WiDivMerged,sh2,Mdw,WI,TRUE,TRUE,1,66.66666667,33.33333333,1,66.66666667,4
457,Wh9261,,2019-03-28,6,6,2019-04-10,4,2019-04-25,n,15,3-1-13-1(7537),,,,,,,,,,2,Fine,Keep,TRUE,Wh9261,WiDivMerged,sh2,Mdw,WI,TRUE,TRUE,2,66.66666667,33.33333333,1,66.66666667,4
489,Wh12001,,2019-03-28,6,6,2019-04-10,4,2019-04-25,n,14,10237,,,,,,,,,,2,Fine,Keep,TRUE,,NA,sh2,Mdw,WI,TRUE,FALSE,2,66.66666667,33.33333333,1,66.66666667,4
527,Wuh11809i,,2019-03-28,6,6,2019-04-10,4,2019-04-25,n,17,7219,,,,,,,,,,2,Fine,Keep,TRUE,,NA,sh2i,Mdw,WI,TRUE,FALSE,2,66.66666667,33.33333333,1,66.66666667,4
82,MDM-21,,2019-01-29,7,7,2019-02-12,5,2019-02-21,n,13,4370,,,,,,,,,,2,Fine,Keep,TRUE,MDM_21,WiDivMerged,su1,,,TRUE,TRUE,2,71.42857143,28.57142857,1,71.42857143,4
102,IL453b,,2019-01-29,7,7,2019-02-12,5,2019-02-21,n,13,4150,,,,,,,,,,2,Fine,Keep,TRUE,IL453b,WiDivMerged,su1,Mdw,IL,TRUE,TRUE,2,71.42857143,28.57142857,1,71.42857143,4
154,IL761c,,2019-02-14,7,7,2019-02-27,5,2019-03-08,n,18,9143,,,,,,,,,,2,Fine,Keep,TRUE,,NA,NA,Mdw,IL,FALSE,FALSE,2,71.42857143,28.57142857,1,71.42857143,4
207,W 6786,,2019-02-14,7,7,2019-02-27,5,2019-03-08,n,14,32571,,,,,,,,,,2,Fine,Keep,TRUE,W6728,all_sweet,su1,Mdw,WI,FALSE,FALSE,2,71.42857143,28.57142857,1,71.42857143,4
287,Ia5220,,2019-02-28,7 (1 small),7,2019-03-15,5,2019-03-26,n,94,3727,,,,,,,,,,2,Fine,Keep,TRUE,Ia5220,WiDivMerged,su1,Mdw,IA,TRUE,TRUE,2,71.42857143,28.57142857,1,71.42857143,4
331,C8pseudo,C8 pseudo,2019-02-28,7,7,2019-03-15,5,2019-03-26,n,13,4003,,,,,,,,,,2,Fine,Keep,TRUE,Ames22014,all_sweet,su1,Ne,CT,TRUE,FALSE,2,71.42857143,28.57142857,1,71.42857143,4
333,SD245,,2019-02-28,7 (1 small),7,2019-03-15,5,2019-03-26,n,13,3858,,,,,,,,,,2,Fine,Keep,TRUE,SD245,WiDivMerged,su1,Mdw,SD,FALSE,TRUE,2,71.42857143,28.57142857,1,71.42857143,4
344,IL451-18 Se Se,,2019-03-12,7,7,2019-03-26,5,2019-04-10,n,13,3913,,,,,,,,,,2,Fine,Keep,TRUE,,NA,NA,Mdw,IL,FALSE,FALSE,2,71.42857143,28.57142857,1,71.42857143,4
368,IL14b,,2019-03-12,7,7,2019-03-26,5,2019-04-10,n,13,4061,,,,,,,,,,2,Fine,Keep,TRUE,IL14b,WiDivMerged,su1,Mdw,IL,TRUE,TRUE,2,71.42857143,28.57142857,1,71.42857143,4
388,We08408,,2019-03-12,7,7,2019-03-26,5,2019-04-10,n,14,41202,,,,,,,,,,2,Fine,Keep,TRUE,We08408,WiDivMerged,se,Mdw,WI,TRUE,TRUE,2,71.42857143,28.57142857,1,71.42857143,4
469,Wh12004,,2019-03-28,7,7,2019-04-10,5,2019-04-25,n,14,10239,,,,,,,,,,2,Fine,Keep,TRUE,,NA,sh2,Mdw,WI,TRUE,FALSE,2,71.42857143,28.57142857,1,71.42857143,4
485,Wh10040R,,2019-03-28,7,7,2019-04-10,5,2019-04-25,n,14,41421,,,,,,,,,,2,Fine,Keep,TRUE,,NA,sh2,Mdw,WI,TRUE,FALSE,2,71.42857143,28.57142857,1,71.42857143,4
510,Wu99823,,2019-03-28,7,7,2019-04-10,5,2019-04-25,n,11,10412,,,,,,,,,,2,Fine,Keep,TRUE,Wu99823,WiDivMerged,su1,Mdw,WI,TRUE,TRUE,2,71.42857143,28.57142857,1,71.42857143,4
529,M6421,,2019-03-28,7,7,2019-04-10,5,2019-04-25,n,10,2-7-16-6,,,,,,,,,,2,Fine,Keep,TRUE,M6421,WiDivMerged,aeduwx,,USDA,TRUE,TRUE,2,71.42857143,28.57142857,1,71.42857143,4
35,C27,,2019-01-29,8,8,2019-02-12,6,2019-02-21,n,13,3949,,,,,,,,,,2,Fine,Keep,TRUE,Ames22019,all_sweet,su1,Ne,CT,TRUE,TRUE,2,75,25,1,75,4
37,IL91j,,2019-01-29,8,8,2019-02-12,6,2019-02-21,n,13,4335,,,,,,,,,,2,Fine,Keep,TRUE,IL91j,WiDivMerged,su1,Mdw,IL,TRUE,TRUE,2,75,25,1,75,4
56,IL395a,,2019-01-29,8,8,2019-02-12,6,2019-02-21,n,14,32416,,,,,,,,,,2,Fine,Keep,TRUE,IL395a,WiDivMerged,su1,Mdw,IL,TRUE,TRUE,2,75,25,1,75,4
78,SD884,,2019-01-29,8,8,2019-02-12,6,2019-02-21,n,14,32373,,,,,,,,,,2,Fine,Keep,TRUE,SD884,WiDivMerged,su1,Mdw,SD,TRUE,TRUE,2,75,25,1,75,4
85,IL101-dgB-2727:62,,2019-01-29,8,8,2019-02-12,6,2019-02-21,n,13,3859,,,,,,,,,,2,Fine,Keep,TRUE,,NA,NA,Mdw,IL,FALSE,FALSE,2,75,25,1,75,4
98,SD592,,2019-01-29,8,8,2019-02-12,6,2019-02-21,n,14,32367,,,,,,,,,,2,Fine,Keep,TRUE,SD592,WiDivMerged,su1,Mdw,SD,TRUE,TRUE,2,75,25,1,75,4
133,Mo17,,2019-02-14,8,8,2019-02-27,6,2019-03-08,n,16,6829,,,,,,,,,,2,Fine,Keep,TRUE,PI558532,WiDivMerged,field,Mdw,MO,FALSE,TRUE,2,75,25,1,75,4
151,IL757b,,2019-02-14,8 (1 small),8,2019-02-27,6,2019-03-08,n,13,4243,,,,,,,,,,2,Fine,Keep,TRUE,IL747b,WiDivMerged,su1,Mdw,IL,TRUE,TRUE,2,75,25,1,75,4
155,IL393a,,2019-02-14,8,8,2019-02-27,6,2019-03-08,n,13,4115,,,,,,,,,,2,Fine,Keep,TRUE,IL393a,WiDivMerged,su1,Mdw,IL,TRUE,TRUE,2,75,25,1,75,4
173,IL368a,,2019-02-14,8,8,2019-02-27,6,2019-03-08,n,13,4110,,,,,,,,,,2,Fine,Keep,TRUE,IL368a,WiDivMerged,su1,Mdw,IL,TRUE,TRUE,2,75,25,1,75,4
185,C12-1,,2019-02-14,8,8,2019-02-27,6,2019-03-08,n,13,3937,,,,,,,,,,2,Fine,Keep,TRUE,Ames22015,all_sweet,su1,Ne,CT,TRUE,TRUE,2,75,25,1,75,4
230,Ind.5817,,2019-02-28,4 (1 small),4,2019-03-15,3,2019-03-26,n,14,32406,,,,,,,,,,2,Fine,Keep,TRUE,,NA,su1,,,TRUE,TRUE,1,75,25,1,75,4
231,A685su,(PI 567793),2019-02-28,8,8,2019-03-15,6,2019-03-26,n,13,3931,,,,,,,,,,2,Fine,Keep,TRUE,PI567793,WiDivMerged,su1,Mdw,MN,TRUE,TRUE,2,75,25,1,75,4
278,W85,,2019-02-28,8,8,2019-03-15,6,2019-03-26,n,13,4546,,,,,,,,,,2,Fine,Keep,TRUE,W85,WiDivMerged,field,Mdw,WI,TRUE,TRUE,2,75,25,1,75,4
282,IL692c,,2019-02-28,8,8,2019-03-15,6,2019-03-26,n,14,32413,,,,,,,,,,2,Fine,Keep,TRUE,IL692c,WiDivMerged,su1,Mdw,IL,TRUE,TRUE,2,75,25,1,75,4
293,257A9,,2019-02-28,8,8,2019-03-15,6,2019-03-26,n,14,32375,,,,,,,,,,2,Fine,Keep,TRUE,257A9,WiDivMerged,su1,,,TRUE,TRUE,2,75,25,1,75,4
309,STRAIN 451B-4-68B,Strain 451B-4-68(B),2019-02-28,8,8,2019-03-15,6,2019-03-26,n,13,4524,,,,,,,,,,2,Fine,Keep,TRUE,PI358529,all_sweet,su1,Mdw,IL,TRUE,FALSE,2,75,25,1,75,4
323,C2,,2019-02-28,4,4,2019-03-15,3,2019-03-26,n,13,3944,,,,,,,,,,2,Fine,Keep,TRUE,C2,WiDivMerged,su1,Ne,CT,TRUE,TRUE,1,75,25,1,75,4
332,P39-16-275:61,,2019-02-28,8,8,2019-03-15,6,2019-03-26,n,13,4465,,,,,,,,,,2,Fine,Keep,TRUE,,NA,NA,Mdw,IN,FALSE,FALSE,2,75,25,1,75,4
354,VIA5492,,2019-03-12,8,8,2019-03-26,6,2019-04-10,n,13,4541,,,,,,,,,,2,Fine,Keep,TRUE,VIA5492,WiDivMerged,su1,,,TRUE,TRUE,2,75,25,1,75,4
356,IL774a,,2019-03-12,8,8,2019-03-26,6,2019-04-10,n,13,4264,,,,,,,,,,2,Fine,Keep,TRUE,,NA,NA,Mdw,IL,FALSE,FALSE,2,75,25,1,75,4
360,IL318a,,2019-03-12,8,8,2019-03-26,6,2019-04-10,n,13,4102,,,,,,,,,,2,Fine,Keep,TRUE,IL318a,WiDivMerged,su1,Mdw,IL,TRUE,TRUE,2,75,25,1,75,4
361,Strain T32-397-68r,,2019-03-12,8,8,2019-03-26,6,2019-04-10,n,13,4529,,,,,,,,,,2,Fine,Keep,TRUE,Strain_T32_397_68r,WiDivMerged,su1,Mdw,IL,FALSE,FALSE,2,75,25,1,75,4
369,A684su,,2019-03-12,8,8,2019-03-26,6,2019-04-10,n,13,3929,,,,,,,,,,2,Fine,Keep,TRUE,PI567792,WiDivMerged,su1,Mdw,MN,TRUE,TRUE,2,75,25,1,75,4
370,IL442A-431-68(D),,2019-03-12,4,4,2019-03-26,3,2019-04-10,n,13,3912,,,,,,,,,,2,Fine,Keep,TRUE,IL442a,WiDivMerged,su1,Mdw,IL,FALSE,FALSE,1,75,25,1,75,4
372,C18,,2019-03-12,4,4,2019-03-26,3,2019-04-10,n,13,3943,,,,,,,,,,2,Fine,Keep,TRUE,Ames22017,all_sweet,su1,Ne,CT,TRUE,TRUE,1,75,25,1,75,4
404,Wuh08127ia,,2019-03-12,8,8,2019-03-26,6,2019-04-10,n,15,8104,,,,,,,,,,2,Fine,Keep,TRUE,Wuh08127i,WiDivMerged,sh2i,Mdw,WI,TRUE,FALSE,2,75,25,1,75,4
411,We05410,,2019-03-12,8,8,2019-03-26,6,2019-04-10,n,14,41122,,,,,,,,,,2,Fine,Keep,TRUE,We05410,WiDivMerged,se,Mdw,WI,TRUE,TRUE,2,75,25,1,75,4
412,Wh09141R,,2019-03-12,4,4,2019-03-26,3,2019-04-10,n,14,41416,,,,,,,,,,2,Fine,Keep,TRUE,Wh09141R,WiDivMerged,sh2,Mdw,WI,TRUE,TRUE,1,75,25,1,75,4
414,Wuh09150i,,2019-03-12,8,8,2019-03-26,6,2019-04-10,n,10,41380,,,,,,,,,,2,Fine,Keep,TRUE,Wuh09150i,WiDivMerged,sh2i,Mdw,WI,TRUE,TRUE,2,75,25,1,75,4
422,Wuh09098i,,2019-03-12,4,4,2019-03-26,3,2019-04-10,n,15,8107,,,,,,,,,,2,Fine,Keep,TRUE,Wuh09098i,WiDivMerged,sh2i,Mdw,WI,TRUE,TRUE,1,75,25,1,75,4
433,Wh07061a,,2019-03-12,4,4,2019-03-26,3,2019-04-10,n,13.14CCO,3225,,,,,,,,,,2,Fine,Keep,TRUE,Wh07061a,WiDivMerged,sh2,Mdw,WI,TRUE,TRUE,1,75,25,1,75,4
456,Wh07061b,,2019-03-28,4,4,2019-04-10,3,2019-04-25,n,9,2-7-9-4 (7907),,,,,,,,,,2,Fine,Keep,TRUE,,NA,sh2,Mdw,WI,TRUE,FALSE,1,75,25,1,75,4
473,Wuh09174i,,2019-03-28,4,4,2019-04-10,3,2019-04-25,n,14,41818,,,,,,,,,,2,Fine,Keep,TRUE,Wuh09174i,WiDivMerged,sh2i,Mdw,WI,TRUE,TRUE,1,75,25,1,75,4
483,We09402,,2019-03-28,8,8,2019-04-10,6,2019-04-25,n,14,41210,,,,,,,,,,2,Fine,Keep,TRUE,We09402,WiDivMerged,se,Mdw,WI,TRUE,TRUE,2,75,25,1,75,4
505,Wh00050,,2019-03-28,8,8,2019-04-10,6,2019-04-25,n,14,41223,,,,,,,,,,2,Fine,Keep,TRUE,Wh00050,WiDivMerged,sh2,Mdw,WI,TRUE,TRUE,2,75,25,1,75,4
508,Wu10802R,,2019-03-28,8,8,2019-04-10,6,2019-04-25,n,15,7846,,,,,,,,,,2,Fine,Keep,TRUE,Wu10802R,all_sweet,su1,Mdw,WI,TRUE,FALSE,2,75,25,1,75,4
517,Fa32B,,2019-03-28,8,8,2019-04-10,6,2019-04-25,n,11,2-7-17-8 (360),,,,,,,,,,2,Fine,Keep,TRUE,Fa32B,all_sweet,sh2i,Sou,FL,TRUE,TRUE,2,75,25,1,75,4
519,We11401,,2019-03-28,8,8,2019-04-10,6,2019-04-25,n,14,41221,,,,,,,,,,2,Fine,Keep,TRUE,,NA,se,Mdw,WI,TRUE,FALSE,2,75,25,1,75,4
530,Wuh11801i,,2019-03-28,8,8,2019-04-10,6,2019-04-25,n,13.14cc0,3217,,,,,,,,,,2,Fine,Keep,TRUE,,NA,sh2i,Mdw,WI,TRUE,FALSE,2,75,25,1,75,4
562,Wh08114,,2019-05-22,8,8,2019-06-07,6,2019-06-17,n,15,7914,,,,,,,,,,2,Fine,Keep,TRUE,,NA,sh2,Mdw,WI,TRUE,FALSE,2,75,25,1,75,4
193,IL18c,,2019-02-14,5,5,2019-02-27,4,2019-03-08,n,13,4064,,,,,,,,,,2,Fine,Keep,TRUE,,NA,NA,Mdw,IL,FALSE,FALSE,1,80,20,1,80,4
339,Ma2410-1191,,2019-03-12,5 (1 small),5,2019-03-26,4,2019-04-10,n,13,4355,,,,,,,,,,2,Fine,Keep,TRUE,Ma2410,all_sweet,NA,Ne,MA,FALSE,FALSE,1,80,20,1,80,4
378,Wu00801,,2019-03-12,5,5,2019-03-26,4,2019-04-10,n,8,3-2-2-10,,,,,,,,,,2,Fine,Keep,TRUE,Wu00801,WiDivMerged,su1,Mdw,WI,TRUE,TRUE,1,80,20,1,80,4
427,Wh09068,,2019-03-12,5,5,2019-03-26,4,2019-04-10,n,14,41402,,,,,,,,,,2,Fine,Keep,TRUE,Wh09068,WiDivMerged,sh2,Mdw,WI,TRUE,TRUE,1,80,20,1,80,4
432,Wh07166R,,2019-03-12,5,5,2019-03-26,4,2019-04-10,n,15,7867,,,,,,,,,,2,Fine,Keep,TRUE,Wh07166R,WiDivMerged,sh2,Mdw,WI,TRUE,TRUE,1,80,20,1,80,4
448,Wuh07429i,,2019-03-12,5,5,2019-03-26,4,2019-04-10,n,14,41625,,,,,,,,,,2,Fine,Keep,TRUE,Wuh07429i,WiDivMerged,sh2i,Mdw,WI,TRUE,TRUE,1,80,20,1,80,4
507,Wh10135R,,2019-03-28,5,5,2019-04-10,4,2019-04-25,n,10,41352,,,,,,,,,,2,Fine,Keep,TRUE,,NA,sh2,Mdw,WI,TRUE,FALSE,1,80,20,1,80,4
20,IL615a,,2019-01-29,"6 (2 small, 4 good)",6,2019-02-12,5,2019-02-21,n,13,4201,,,,,,,,,,2,Fine,Keep,TRUE,IL615a,WiDivMerged,su1,Mdw,IL,TRUE,TRUE,1,83.33333333,16.66666667,1,83.33333333,5
68,P39A,,2019-01-29,6,6,2019-02-12,5,2019-02-21,n,13,4467,,,,,,,,,,2,Fine,Keep,TRUE,NSL8583,all_sweet,su1,Mdw,IN,TRUE,TRUE,1,83.33333333,16.66666667,1,83.33333333,5
336,IL775a,,2019-02-28,6,6,2019-03-15,5,2019-03-26,n,13,4270,,,,,,,,,,2,Fine,Keep,TRUE,IL775a,WiDivMerged,su1,Mdw,IL,TRUE,TRUE,1,83.33333333,16.66666667,1,83.33333333,5
367,Me244Wa,,2019-03-12,6,6,2019-03-26,5,2019-04-10,n,13,4416,,,,,,,,,,2,Fine,Keep,TRUE,Ames22042,all_sweet,NA,Ne,ME,TRUE,FALSE,1,83.33333333,16.66666667,1,83.33333333,5
400,Wh10062R,,2019-03-12,6,6,2019-03-26,5,2019-04-10,n,14,41502,,,,,,,,,,2,Fine,Keep,TRUE,Wh10062R,all_sweet,sh2,Mdw,WI,TRUE,FALSE,1,83.33333333,16.66666667,1,83.33333333,5
401,Wuh12035i,,2019-03-12,6,6,2019-03-26,5,2019-04-10,n,14,10259,,,,,,,,,,2,Fine,Keep,TRUE,,NA,sh2i,Mdw,WI,TRUE,FALSE,1,83.33333333,16.66666667,1,83.33333333,5
425,We03418a,,2019-03-12,6,6,2019-03-26,5,2019-04-10,n,18,2835,,,,,,,,,,2,Fine,Keep,TRUE,We03418a,WiDivMerged,se,Mdw,WI,TRUE,TRUE,1,83.33333333,16.66666667,1,83.33333333,5
441,Wh10105R,,2019-03-12,6,6,2019-03-26,5,2019-04-10,n,10,41320,,,,,,,,,,2,Fine,Keep,TRUE,,NA,sh2,Mdw,WI,TRUE,FALSE,1,83.33333333,16.66666667,1,83.33333333,5
450,We11405,,2019-03-28,6,6,2019-04-10,5,2019-04-25,n,5,2-2-6-8 (1761),,,,,,,,,,2,Fine,Keep,TRUE,,NA,NA,Mdw,WI,TRUE,FALSE,1,83.33333333,16.66666667,1,83.33333333,5
470,Wh98044,,2019-03-28,6,6,2019-04-10,5,2019-04-25,n,11,10405,,,,,,,,,,2,Fine,Keep,TRUE,Wh98044,WiDivMerged,sh2,Mdw,WI,TRUE,TRUE,1,83.33333333,16.66666667,1,83.33333333,5
472,Wh10067R,,2019-03-28,6,6,2019-04-10,5,2019-04-25,n,12,2713,,,,,,,,,,2,Fine,Keep,TRUE,,NA,sh2,Mdw,WI,TRUE,FALSE,1,83.33333333,16.66666667,1,83.33333333,5
546,We05411,,2019-05-22,6,6,2019-06-07,5,2019-06-17,n,14,41124 (41125),,,,,,,,,,2,Fine,Keep,TRUE,We05411,WiDivMerged,se,Mdw,WI,TRUE,TRUE,1,83.33333333,16.66666667,1,83.33333333,5
7,Me2rt,,2019-01-29,7,7,2019-02-12,6,2019-02-21,n,17.18,5011,,,,,,,,,,2,Fine,Keep,TRUE,Me2rt,WiDivMerged,su1,Ne,ME,TRUE,TRUE,1,85.71428571,14.28571429,1,85.71428571,5
12,C7e,,2019-01-29,7,7,2019-02-12,6,2019-02-21,n,13,4002,,,,,,,,,,2,Fine,Keep,TRUE,Ames22013,all_sweet,su1,Ne,CT,TRUE,TRUE,1,85.71428571,14.28571429,1,85.71428571,5
26,IL676a,,2019-01-29,7,7,2019-02-12,6,2019-02-21,n,13,4208,,,,,,,,,,2,Fine,Keep,TRUE,IL676a,WiDivMerged,su1,Mdw,IL,TRUE,TRUE,1,85.71428571,14.28571429,1,85.71428571,5
32,NJ112,,2019-01-29,7,7,2019-02-12,6,2019-02-21,n,13,4434,,,,,,,,,,2,Fine,Keep,TRUE,Ames22044,all_sweet,su1,Ne,NJ,TRUE,TRUE,1,85.71428571,14.28571429,1,85.71428571,5
33,Ia2003,,2019-01-29,7,7,2019-02-12,6,2019-02-21,n,14,32219,,,,,,,,,,2,Fine,Keep,TRUE,Ames22028,all_sweet,su1,Mdw,IA,TRUE,TRUE,1,85.71428571,14.28571429,1,85.71428571,5
70,IL678a-se,,2019-01-29,7,7,2019-02-12,6,2019-02-21,n,13,4215,,,,,,,,,,2,Fine,Keep,TRUE,,NA,NA,Mdw,IL,FALSE,FALSE,1,85.71428571,14.28571429,1,85.71428571,5
90,V781,,2019-01-29,7,7,2019-02-12,6,2019-02-21,n,13,4540,,,,,,,,,,2,Fine,Keep,TRUE,V781,WiDivMerged,su1,,,TRUE,TRUE,1,85.71428571,14.28571429,1,85.71428571,5
124,IL803a,,2019-02-14,7,7,2019-02-27,6,2019-03-08,n,18,9348,,,,,,,,,,2,Fine,Keep,TRUE,IL803a,WiDivMerged,su1,Mdw,IL,TRUE,TRUE,1,85.71428571,14.28571429,1,85.71428571,5
144,I45,,2019-02-14,7 (1 small),7,2019-02-27,6,2019-03-08,n,9,5756,,,,,,,,,,2,Fine,Keep,TRUE,I45,WiDivMerged,su1,,,TRUE,TRUE,1,85.71428571,14.28571429,1,85.71428571,5
166,IL7,,2019-02-14,7 (+ 1 dying?),7,2019-02-27,6,2019-03-08,n,18,9058,,,,,,,,,,2,Fine,Keep,TRUE,IL7,all_sweet,su1,Mdw,IL,TRUE,TRUE,1,85.71428571,14.28571429,1,85.71428571,5
179,P35,,2019-02-14,7,7,2019-02-27,6,2019-03-08,n,13,4456,,,,,,,,,,2,Fine,Keep,TRUE,P35,WiDivMerged,su1,Mdw,IN,TRUE,TRUE,1,85.71428571,14.28571429,1,85.71428571,5
180,IL729a,,2019-02-14,7,7,2019-02-27,6,2019-03-08,n,13,4231,,,,,,,,,,2,Fine,Keep,TRUE,IL729a,WiDivMerged,su1,Mdw,IL,TRUE,TRUE,1,85.71428571,14.28571429,1,85.71428571,5
200,IL774b su,,2019-02-14,7,7,2019-02-27,6,2019-03-08,n,13,4266,,,,,,,,,,2,Fine,Keep,TRUE,,NA,NA,Mdw,IL,FALSE,FALSE,1,85.71428571,14.28571429,1,85.71428571,5
250,EP60,,2019-02-28,7 (1 small),7,2019-03-15,6,2019-03-26,n,14,31153,,,,,,,,,,2,Fine,Keep,TRUE,EP60,all_sweet,su1,Int,SP,TRUE,TRUE,1,85.71428571,14.28571429,1,85.71428571,5
285,IP39,,2019-02-28,7,7,2019-03-15,6,2019-03-26,n,13,4342,,,,,,,,,,2,Fine,Keep,TRUE,Ames22032,all_sweet,su1,Mdw,IA,TRUE,TRUE,1,85.71428571,14.28571429,1,85.71428571,5
289,P39 Goodman-Buckler,,2019-02-28,7,7,2019-03-15,6,2019-03-26,n,13,4461,,,,,,,,,,2,Fine,Keep,TRUE,Ames28186,all_sweet,su1,Mdw,IN,TRUE,TRUE,1,85.71428571,14.28571429,1,85.71428571,5
291,IL731a (se),,2019-02-28,7,7,2019-03-15,6,2019-03-26,n,13,4234,,,,,,,,,,2,Fine,Keep,TRUE,Ames27444,all_sweet,se,Mdw,IL,FALSE,FALSE,1,85.71428571,14.28571429,1,85.71428571,5
292,IL323a,,2019-02-28,7,7,2019-03-15,6,2019-03-26,n,13,4105,,,,,,,,,,2,Fine,Keep,TRUE,IL323a,WiDivMerged,su1,Mdw,IL,TRUE,TRUE,1,85.71428571,14.28571429,1,85.71428571,5
343,IL454a,,2019-03-12,7,7,2019-03-26,6,2019-04-10,n,13,4152,,,,,,,,,,2,Fine,Keep,TRUE,IL454a,WiDivMerged,su1,Mdw,IL,TRUE,TRUE,1,85.71428571,14.28571429,1,85.71428571,5
349,P39,,2019-03-12,7,7,2019-03-26,6,2019-04-10,n,13,4457,,,,,,,,,,2,Fine,Keep,TRUE,P39,WiDivMerged,su1,Mdw,IN,TRUE,TRUE,1,85.71428571,14.28571429,1,85.71428571,5
363,G8,,2019-03-12,7,7,2019-03-26,6,2019-04-10,n,13,4015,,,,,,,,,,2,Fine,Keep,TRUE,G8,WiDivMerged,su1,Mdw,IN,TRUE,TRUE,1,85.71428571,14.28571429,1,85.71428571,5
377,IL303b,,2019-03-12,7,7,2019-03-26,6,2019-04-10,n,13,4101,,,,,,,,,,2,Fine,Keep,TRUE,IL303b,WiDivMerged,su1,Mdw,IL,TRUE,TRUE,1,85.71428571,14.28571429,1,85.71428571,5
380,Wuh09164i,,2019-03-12,7,7,2019-03-26,6,2019-04-10,n,14,41811,,,,,,,,,,2,Fine,Keep,TRUE,Wuh09164i,WiDivMerged,sh2i,Mdw,WI,TRUE,TRUE,1,85.71428571,14.28571429,1,85.71428571,5
383,Wh03031,,2019-03-12,7,7,2019-03-26,6,2019-04-10,n,11,10429,,,,,,,,,,2,Fine,Keep,TRUE,Wh03031,WiDivMerged,sh2,Mdw,WI,TRUE,TRUE,1,85.71428571,14.28571429,1,85.71428571,5
385,Wh13037,,2019-03-12,7,7,2019-03-26,6,2019-04-10,n,15,8140,,,,,,,,,,2,Fine,Keep,TRUE,,NA,sh2,Mdw,WI,TRUE,FALSE,1,85.71428571,14.28571429,1,85.71428571,5
399,Wh13041,,2019-03-12,7,7,2019-03-26,6,2019-04-10,n,15,8143,,,,,,,,,,2,Fine,Keep,TRUE,,NA,sh2,Mdw,WI,TRUE,FALSE,1,85.71428571,14.28571429,1,85.71428571,5
417,We04401,,2019-03-12,7,7,2019-03-26,6,2019-04-10,n,12,3-1-14-1,,,,,,,,,,2,Fine,Keep,TRUE,,NA,se,Mdw,WI,TRUE,FALSE,1,85.71428571,14.28571429,1,85.71428571,5
418,Wh98063,,2019-03-12,7,7,2019-03-26,6,2019-04-10,n,8,3-2-1-10,,,,,,,,,,2,Fine,Keep,TRUE,Wh98063,WiDivMerged,sh2,Mdw,WI,TRUE,TRUE,1,85.71428571,14.28571429,1,85.71428571,5
431,Wh08042,,2019-03-12,7,7,2019-03-26,6,2019-04-10,n,14,41318,,,,,,,,,,2,Fine,Keep,TRUE,Wh08042,WiDivMerged,sh2,Mdw,WI,TRUE,TRUE,1,85.71428571,14.28571429,1,85.71428571,5
434,Wuh09144i,,2019-03-12,7,7,2019-03-26,6,2019-04-10,n,10,41374,,,,,,,,,,2,Fine,Keep,TRUE,Wuh09144i,WiDivMerged,sh2i,Mdw,WI,TRUE,TRUE,1,85.71428571,14.28571429,1,85.71428571,5
442,Wuh98032,,2019-03-12,7,7,2019-03-26,6,2019-04-10,n,8,3-1-5-4 (9003),,,,,,,,,,2,Fine,Keep,TRUE,Wuh98032,WiDivMerged,sh2,Mdw,WI,TRUE,TRUE,1,85.71428571,14.28571429,1,85.71428571,5
446,Wh00033,,2019-03-12,7,7,2019-03-26,6,2019-04-10,n,15,7855,,,,,,,,,,2,Fine,Keep,TRUE,Wh00033,WiDivMerged,sh2,Mdw,WI,TRUE,TRUE,1,85.71428571,14.28571429,1,85.71428571,5
449,Wh05081b,,2019-03-12,7,7,2019-03-26,6,2019-04-10,n,13,8510,,,,,,,,,,2,Fine,Keep,TRUE,Wh05081b,all_sweet,sh2,Mdw,WI,TRUE,FALSE,1,85.71428571,14.28571429,1,85.71428571,5
509,Wu99811,,2019-03-28,7,7,2019-04-10,6,2019-04-25,n,11,10411,,,,,,,,,,2,Fine,Keep,TRUE,Wu99811,WiDivMerged,su1,Mdw,WI,TRUE,TRUE,1,85.71428571,14.28571429,1,85.71428571,5
537,Wh10088R,,2019-03-28,7,7,2019-04-10,6,2019-04-25,n,10,41259,,,,,,,,,,2,Fine,Keep,TRUE,,NA,sh2,Mdw,WI,TRUE,FALSE,1,85.71428571,14.28571429,1,85.71428571,5
544,Wh08115b,,2019-05-22,7,7,2019-06-07,6,2019-06-17,n,14,41323,,,,,,,,,,2,Fine,Keep,TRUE,Wh08115b,WiDivMerged,sh2,Mdw,WI,TRUE,TRUE,1,85.71428571,14.28571429,1,85.71428571,5
2,SD42,,2019-01-29,8,8,2019-02-12,7,2019-02-21,n,14,32362,,,,,,,,,,2,Fine,Keep,TRUE,SD42,all_sweet,su1,Mdw,SD,TRUE,FALSE,1,87.5,12.5,1,87.5,5
5,STRAIN T24-395-68B,Strain T24-395-68(B),2019-01-29,8,8,2019-02-12,7,2019-02-21,n,13,4528,,,,,,,,,,2,Fine,Keep,TRUE,PI358536,all_sweet,su1,Mdw,IL,FALSE,FALSE,1,87.5,12.5,1,87.5,5
8,Ia5125 (non-fire),,2019-01-29,8,8,2019-02-12,7,2019-02-21,n,13,4034,,,,,,,,,,2,Fine,Keep,TRUE,,NA,su1,Mdw,IA,TRUE,FALSE,1,87.5,12.5,1,87.5,5
9,W3647,,2019-01-29,8,8,2019-02-12,7,2019-02-21,n,14,32217,,,,,,,,,,2,Fine,Keep,TRUE,Ames22053,all_sweet,su1,Mdw,WI,TRUE,TRUE,1,87.5,12.5,1,87.5,5
10,P39-LE-3438:64,,2019-01-29,8,8,2019-02-12,7,2019-02-21,n,13,4502,,,,,,,,,,2,Fine,Keep,TRUE,,NA,NA,Mdw,IN,FALSE,FALSE,1,87.5,12.5,1,87.5,5
11,IL86e,,2019-01-29,8,8,2019-02-12,7,2019-02-21,n,13,4334,,,,,,,,,,2,Fine,Keep,TRUE,IL86e,WiDivMerged,su1,Mdw,IL,TRUE,TRUE,1,87.5,12.5,1,87.5,5
23,W5579,,2019-01-29,8,8,2019-02-12,7,2019-02-21,n,0,6107,,,,,,,,,,2,Fine,Keep,TRUE,Ames22058,all_sweet,su1,Mdw,WI,TRUE,TRUE,1,87.5,12.5,1,87.5,5
42,MDM-8,,2019-01-29,8,8,2019-02-12,7,2019-02-21,n,13,4406,,,,,,,,,,2,Fine,Keep,TRUE,MDM_8,WiDivMerged,su1,,,TRUE,TRUE,1,87.5,12.5,1,87.5,5
47,NJ618,,2019-01-29,8,8,2019-02-12,7,2019-02-21,n,13,4438,,,,,,,,,,2,Fine,Keep,TRUE,NJ618,WiDivMerged,su1,Ne,NJ,TRUE,TRUE,1,87.5,12.5,1,87.5,5
62,P39-16-276:61,,2019-01-29,8,8,2019-02-12,7,2019-02-21,n,13,4466,,,,,,,,,,2,Fine,Keep,TRUE,,NA,NA,Mdw,IN,FALSE,FALSE,1,87.5,12.5,1,87.5,5
77,IL710a,,2019-01-29,8,8,2019-02-12,7,2019-02-21,n,13,4228,,,,,,,,,,2,Fine,Keep,TRUE,,NA,NA,Mdw,IL,FALSE,FALSE,1,87.5,12.5,1,87.5,5
86,IL103a,,2019-01-29,8,8,2019-02-12,7,2019-02-21,n,13,4048,,,,,,,,,,2,Fine,Keep,TRUE,IL103a,all_sweet,su1,Mdw,IL,TRUE,TRUE,1,87.5,12.5,1,87.5,5
89,IL699f,,2019-01-29,8,8,2019-02-12,7,2019-02-21,n,13,4224,,,,,,,,,,2,Fine,Keep,TRUE,,NA,NA,Mdw,IL,FALSE,FALSE,1,87.5,12.5,1,87.5,5
107,W3722,,2019-01-29,8,8,2019-02-12,7,2019-02-21,n,0,6103,,,,,,,,,,2,Fine,Keep,TRUE,Ames22054,all_sweet,su1,Mdw,WI,TRUE,TRUE,1,87.5,12.5,1,87.5,5
118,C4,,2019-02-14,8,8,2019-02-27,7,2019-03-08,n,13,3956,,,,,,,,,,2,Fine,Keep,TRUE,C4,all_sweet,su1,Ne,CT,TRUE,TRUE,1,87.5,12.5,1,87.5,5
119,IL31a,,2019-02-14,8 (1 small),8,2019-02-27,7,2019-03-08,n,13,4103,,,,,,,,,,2,Fine,Keep,TRUE,IL31a,WiDivMerged,su1,Mdw,IL,TRUE,TRUE,1,87.5,12.5,1,87.5,5
121,IL465a,,2019-02-14,8 (1 small),8,2019-02-27,7,2019-03-08,n,13,4153,,,,,,,,,,2,Fine,Keep,TRUE,IL465a,WiDivMerged,su1,Mdw,IL,TRUE,TRUE,1,87.5,12.5,1,87.5,5
136,SD277,,2019-02-14,8,8,2019-02-27,7,2019-03-08,n,14,32365,,,,,,,,,,2,Fine,Keep,TRUE,SD277,WiDivMerged,su1,Mdw,SD,TRUE,TRUE,1,87.5,12.5,1,87.5,5
158,21-396-68(B),,2019-02-14,8,8,2019-02-27,7,2019-03-08,n,13,3870,,,,,,,,,,2,Fine,Keep,TRUE,PI358535,all_sweet,su1,Mdw,IL,FALSE,FALSE,1,87.5,12.5,1,87.5,5
163,IL781a,,2019-02-14,8,8,2019-02-27,7,2019-03-08,n,13,4312,,,,,,,,,,2,Fine,Keep,TRUE,,NA,NA,Mdw,IL,FALSE,FALSE,1,87.5,12.5,1,87.5,5
170,OLCOTT-1067:72,,2019-02-14,8,8,2019-02-27,7,2019-03-08,n,13,4452,,,,,,,,,,2,Fine,Keep,TRUE,OLCOTT,WiDivMerged,NA,,,FALSE,FALSE,1,87.5,12.5,1,87.5,5
171,Me1,,2019-02-14,8,8,2019-02-27,7,2019-03-08,n,13,4408,,,,,,,,,,2,Fine,Keep,TRUE,Ames22037,all_sweet,su1,Ne,ME,TRUE,TRUE,1,87.5,12.5,1,87.5,5
174,Strain 18B-5-64,,2019-02-14,8,8,2019-02-27,7,2019-03-08,n,13,4522,,,,,,,,,,2,Fine,Keep,TRUE,PI358524,all_sweet,su1,Mdw,IL,FALSE,FALSE,1,87.5,12.5,1,87.5,5
177,W6757,,2019-02-14,8,8,2019-02-27,7,2019-03-08,n,14,32207,,,,,,,,,,2,Fine,Keep,TRUE,Ames22065,all_sweet,su1,Mdw,WI,TRUE,TRUE,1,87.5,12.5,1,87.5,5
178,IL798c,,2019-02-14,8,8,2019-02-27,7,2019-03-08,n,13,4325,,,,,,,,,,2,Fine,Keep,TRUE,IL798c,WiDivMerged,su1,Mdw,IL,TRUE,TRUE,1,87.5,12.5,1,87.5,5
181,IL765a,,2019-02-14,8,8,2019-02-27,7,2019-03-08,n,13,4248,,,,,,,,,,2,Fine,Keep,TRUE,IL765a,WiDivMerged,su1,Mdw,IL,TRUE,TRUE,1,87.5,12.5,1,87.5,5
183,STRAIN T35-388-68A,Strain T35-388-68(A),2019-02-14,8,8,2019-02-27,7,2019-03-08,n,13,4531,,,,,,,,,,2,Fine,Keep,TRUE,PI358539,all_sweet,su1,Mdw,IL,FALSE,FALSE,1,87.5,12.5,1,87.5,5
197,Me135,,2019-02-14,8,8,2019-02-27,7,2019-03-08,n,13,4413,,,,,,,,,,2,Fine,Keep,TRUE,Ames22041,all_sweet,su1,Ne,ME,TRUE,TRUE,1,87.5,12.5,1,87.5,5
208,IL767b,,2019-02-14,8,8,2019-02-27,7,2019-03-08,n,13,4254,,,,,,,,,,2,Fine,Keep,TRUE,Ames27445,all_sweet,su1,Mdw,IL,TRUE,TRUE,1,87.5,12.5,1,87.5,5
213,SD909,,2019-02-14,8,8,2019-02-27,7,2019-03-08,n,13,3924,,,,,,,,,,2,Fine,Keep,TRUE,SD909,WiDivMerged,su1,Mdw,SD,TRUE,TRUE,1,87.5,12.5,1,87.5,5
216,C6A,,2019-02-14,8,8,2019-02-27,7,2019-03-08,n,13,3970,,,,,,,,,,2,Fine,Keep,TRUE,C6A,all_sweet,su1,Ne,CT,TRUE,TRUE,1,87.5,12.5,1,87.5,5
284,W6720-1,,2019-02-28,8,8,2019-03-15,7,2019-03-26,n,14,32209,,,,,,,,,,2,Fine,Keep,TRUE,Ames22062,all_sweet,su1,Mdw,WI,TRUE,TRUE,1,87.5,12.5,1,87.5,5
310,ND1,,2019-02-28,8 (1 small),8,2019-03-15,7,2019-03-26,n,13,4432,,,,,,,,,,2,Fine,Keep,TRUE,ND1,WiDivMerged,su1,Mdw,ND,TRUE,TRUE,1,87.5,12.5,1,87.5,5
353,C81,,2019-03-12,8,8,2019-03-26,7,2019-04-10,n,13,4005,,,,,,,,,,2,Fine,Keep,TRUE,C81,all_sweet,su1,Ne,CT,TRUE,TRUE,1,87.5,12.5,1,87.5,5
424,Wh08022,,2019-03-12,8,8,2019-03-26,7,2019-04-10,n,17,7141,,,,,,,,,,2,Fine,Keep,TRUE,Wh08022,WiDivMerged,sh2,Mdw,WI,TRUE,TRUE,1,87.5,12.5,1,87.5,5
492,Wh08045,,2019-03-28,8,8,2019-04-10,7,2019-04-25,n,14,41319,,,,,,,,,,2,Fine,Keep,TRUE,,NA,sh2,Mdw,WI,TRUE,FALSE,1,87.5,12.5,1,87.5,5
499,Wh08114,,2019-03-28,8,8,2019-04-10,7,2019-04-25,n,15,7914,,,,,,,,,,2,Fine,Keep,TRUE,,NA,sh2,Mdw,WI,TRUE,FALSE,1,87.5,12.5,1,87.5,5
500,Wh10049R,,2019-03-28,8,8,2019-04-10,7,2019-04-25,n,15,7920,,,,,,,,,,2,Fine,Keep,TRUE,Wh10049R,WiDivMerged,sh2,Mdw,WI,TRUE,TRUE,1,87.5,12.5,1,87.5,5
523,M6411,,2019-03-28,8,8,2019-04-10,7,2019-04-25,n,12,3-5-1-1 (9630),,,,,,,,,,2,Fine,Keep,TRUE,PI506411,WiDivMerged,aeduwx,,USDA,TRUE,TRUE,1,87.5,12.5,1,87.5,5
526,Wuh11811i,,2019-03-28,8,8,2019-04-10,7,2019-04-25,n,13,8505,,,,,,,,,,2,Fine,Keep,TRUE,,NA,sh2i,Mdw,WI,TRUE,FALSE,1,87.5,12.5,1,87.5,5
538,Wuh11812i,,2019-03-28,8,8,2019-04-10,7,2019-04-25,n,13,8509,,,,,,,,,,2,Fine,Keep,TRUE,,NA,sh2i,Mdw,WI,TRUE,FALSE,1,87.5,12.5,1,87.5,5
542,We05401,,2019-05-22,8,8,2019-06-07,7,2019-06-17,n,14,41119,,,,,,,,,,2,Fine,Keep,TRUE,We05401,WiDivMerged,se,Mdw,WI,TRUE,TRUE,1,87.5,12.5,1,87.5,5
543,we11416,,2019-05-22,8,8,2019-06-07,7,2019-06-17,n,13,8523,,,,,,,,,,2,Fine,Keep,TRUE,,NA,se,Mdw,WI,TRUE,FALSE,1,87.5,12.5,1,87.5,5
549,Wh10804R,,2019-05-22,8,8,2019-06-07,7,2019-06-17,n,14,41603,,,,,,,,,,2,Fine,Keep,TRUE,Wh10804R,WiDivMerged,sh2,Mdw,WI,TRUE,TRUE,1,87.5,12.5,1,87.5,5
1,SD829,,2019-01-29,8,8,2019-02-12,8,2019-02-21,n,14,32369,,,,,,,,,,3,Fine,Keep,TRUE,SD829,WiDivMerged,su1,Mdw,SD,TRUE,TRUE,0,100,0,2,100,5
3,IL611a,,2019-01-29,7,7,2019-02-12,7,2019-02-21,n,13,4170,,,,,,,,,,3,Fine,Keep,TRUE,IL611a,WiDivMerged,su1,Mdw,IL,TRUE,TRUE,0,100,0,2,100,5
13,IL779a,,2019-01-29,8,8,2019-02-12,8,2019-02-21,n,13,4310,,,,,,,,,,3,Fine,Keep,TRUE,Ames27447,all_sweet,su1,Mdw,IL,TRUE,TRUE,0,100,0,2,100,5
15,M45,,2019-01-29,7,7,2019-02-12,7,2019-02-21,n,13,4349,,,,,,,,,,3,Fine,Keep,TRUE,Ames22035,all_sweet,su1,,,TRUE,TRUE,0,100,0,2,100,5
17,LUTHER HILL,,2019-01-29,8,8,2019-02-12,8,2019-02-21,n,13,4344,,,,,,,,,,3,Fine,Keep,TRUE,LUTHERHILL,WiDivMerged,su1,Mdw,WI,TRUE,TRUE,0,100,0,2,100,5
18,DSU 146,,2019-01-29,8,8,2019-02-12,8,2019-02-21,n,13,4011,,,,,,,,,,3,Fine,Keep,TRUE,,NA,NA,,,FALSE,FALSE,0,100,0,2,100,5
19,P39,,2019-01-29,8,8,2019-02-12,8,2019-02-21,n,13,4459,,,,,,,,,,3,Fine,Keep,TRUE,P39,WiDivMerged,su1,Mdw,IN,TRUE,TRUE,0,100,0,2,100,5
24,C38,,2019-01-29,8,8,2019-02-12,8,2019-02-21,n,13,3954,,,,,,,,,,3,Fine,Keep,TRUE,Ames22021,all_sweet,su1,Ne,CT,TRUE,TRUE,0,100,0,2,100,5
25,STRAIN 304A-408-68B,Strain 304A-408-68(B),2019-01-29,8,8,2019-02-12,8,2019-02-21,n,13,4523,,,,,,,,,,3,Fine,Keep,TRUE,PI358527,all_sweet,su1,Mdw,IL,FALSE,FALSE,0,100,0,2,100,5
27,34f,,2019-01-29,6,6,2019-02-12,6,2019-02-21,n,13,3909,,,,,,,,,,3,Fine,Keep,TRUE,34f,WiDivMerged,su1,,,TRUE,TRUE,0,100,0,2,100,5
34,STRAIN 11D-586-68A,Strain 11D-586-68(A),2019-01-29,8,8,2019-02-12,8,2019-02-21,n,13,4521,,,,,,,,,,3,Fine,Keep,TRUE,PI358521,all_sweet,su1,Mdw,IL,TRUE,FALSE,0,100,0,2,100,5
36,IL279AxRp1d,,2019-01-29,8,8,2019-02-12,8,2019-02-21,n,13,4069,,,,,,,,,,3,Fine,Keep,TRUE,IL279AxRp1d,WiDivMerged,su1,Mdw,IL,TRUE,TRUE,0,100,0,2,100,5
38,Me100,,2019-01-29,7,7,2019-02-12,7,2019-02-21,n,13,4410,,,,,,,,,,3,Fine,Keep,TRUE,Ames22038,all_sweet,su1,Ne,ME,TRUE,TRUE,0,100,0,2,100,5
39,IL804a,,2019-01-29,7,7,2019-02-12,7,2019-02-21,n,13,4333,,,,,,,,,,3,Fine,Keep,TRUE,IL804a,WiDivMerged,su1,Mdw,IL,TRUE,TRUE,0,100,0,2,100,5
41,IL112t,,2019-01-29,8,8,2019-02-12,8,2019-02-21,n,13,4051,,,,,,,,,,3,Fine,Keep,TRUE,IL112t,all_sweet,su1,Mdw,IL,TRUE,TRUE,0,100,0,2,100,5
44,IL124a,,2019-01-29,8,8,2019-02-12,8,2019-02-21,n,13,4055,,,,,,,,,,3,Fine,Keep,TRUE,IL124a,all_sweet,su1,Mdw,IL,TRUE,TRUE,0,100,0,2,100,5
45,GTS1,,2019-01-29,8,8,2019-02-12,8,2019-02-21,n,13,4017,,,,,,,,,,3,Fine,Keep,TRUE,PI550492,all_sweet,su1,Sou,GA,TRUE,TRUE,0,100,0,2,100,5
48,IL451b,,2019-01-29,8,8,2019-02-12,8,2019-02-21,n,13,4131,,,,,,,,,,3,Fine,Keep,TRUE,IL451b,WiDivMerged,su1,Mdw,IL,TRUE,TRUE,0,100,0,2,100,5
49,C30,,2019-01-29,8,8,2019-02-12,8,2019-02-21,n,13,3952,,,,,,,,,,3,Fine,Keep,TRUE,Ames26815,all_sweet,su1,Ne,CT,TRUE,TRUE,0,100,0,2,100,5
50,S4,,2019-01-29,7,7,2019-02-12,7,2019-02-21,n,14,32205,,,,,,,,,,3,Fine,Keep,TRUE,Ames23508,all_sweet,su1,Mdw,MN,TRUE,TRUE,0,100,0,2,100,5
51,Ma609,,2019-01-29,2 (both are small),2,2019-02-12,2,2019-02-21,n,2,8101,,,,,,,,,,3,Bad,Caution,TRUE,Ma609,WiDivMerged,su1,Ne,MA,FALSE,TRUE,0,100,0,2,100,5
52,IL104g,,2019-01-29,7,7,2019-02-12,7,2019-02-21,n,13,4049,,,,,,,,,,3,Fine,Keep,TRUE,IL104g,all_sweet,su1,Mdw,IL,TRUE,TRUE,0,100,0,2,100,5
53,MDM-2,,2019-01-29,7,7,2019-02-12,7,2019-02-21,n,13,4368,,,,,,,,,,3,Fine,Keep,TRUE,MDM_2,WiDivMerged,su1,,,TRUE,TRUE,0,100,0,2,100,5
54,IL370b,,2019-01-29,8,8,2019-02-12,8,2019-02-21,n,13,4114,,,,,,,,,,3,Fine,Keep,TRUE,,NA,NA,Mdw,IL,FALSE,FALSE,0,100,0,2,100,5
55,IL370a,,2019-01-29,8,8,2019-02-12,8,2019-02-21,n,13,4112,,,,,,,,,,3,Fine,Keep,TRUE,IL370a,WiDivMerged,su1,Mdw,IL,TRUE,TRUE,0,100,0,2,100,5
57,P39-10-226:61,,2019-01-29,6,6,2019-02-12,6,2019-02-21,n,13,4464,,,,,,,,,,3,Fine,Keep,TRUE,,NA,NA,Mdw,IN,FALSE,FALSE,0,100,0,2,100,5
58,EP84,,2019-01-29,7,7,2019-02-12,7,2019-02-21,n,14,31228,,,,,,,,,,3,Fine,Keep,TRUE,EP84,all_sweet,sh2,Int,SP,TRUE,TRUE,0,100,0,2,100,5
59,IL776a,,2019-01-29,3 (1 small),3,2019-02-12,3,2019-02-21,n,13,4301,,,,,,,,,,3,Fine,Keep,TRUE,IL776a,WiDivMerged,su1,Mdw,IL,TRUE,TRUE,0,100,0,2,100,5
60,Ia2132,,2019-01-29,6,6,2019-02-12,6,2019-02-21,n,13,4026,,,,,,,,,,3,Fine,Keep,TRUE,PI587134,all_sweet,su1,Mdw,IA,TRUE,TRUE,0,100,0,2,100,5
61,A686su,,2019-01-29,6,6,2019-02-12,6,2019-02-21,n,13,3932,,,,,,,,,,3,Fine,Keep,TRUE,PI567794,WiDivMerged,su1,Mdw,MN,TRUE,TRUE,0,100,0,2,100,5
63,W1736,,2019-01-29,7,7,2019-02-12,7,2019-02-21,n,14,32218,,,,,,,,,,3,Fine,Keep,TRUE,W1736,WiDivMerged,su1,Mdw,WI,TRUE,TRUE,0,100,0,2,100,5
64,C40,,2019-01-29,8,8,2019-02-12,8,2019-02-21,n,13,3958,,,,,,,,,,3,Fine,Keep,TRUE,Ames22022,all_sweet,su1,Ne,CT,TRUE,TRUE,0,100,0,2,100,5
71,Fa56A,,2019-01-29,7,7,2019-02-12,7,2019-02-21,n,96,7757,,,,,,,,,,3,Fine,Keep,TRUE,PI644099,all_sweet,sh2i,Sou,FL,TRUE,TRUE,0,100,0,2,100,5
74,C27red,,2019-01-29,8,8,2019-02-12,8,2019-02-21,n,13,3950,,,,,,,,,,3,Fine,Keep,TRUE,C27red,all_sweet,su1,Ne,CT,TRUE,TRUE,0,100,0,2,100,5
75,IL778c,,2019-01-29,7,7,2019-02-12,7,2019-02-21,n,13,4305,,,,,,,,,,3,Fine,Keep,TRUE,IL778c,WiDivMerged,su1,Mdw,IL,TRUE,TRUE,0,100,0,2,100,5
79,P39LE-3502:61,,2019-01-29,5 (small),5,2019-02-12,5,2019-02-21,n,13,4503,,,,,,,,,,3,Fine,Keep,TRUE,P39LE_3502_61,all_sweet,NA,Mdw,IN,FALSE,FALSE,0,100,0,2,100,5
80,C68R(x)-552:63,,2019-01-29,8,8,2019-02-12,8,2019-02-21,n,13,3969,,,,,,,,,,3,Fine,Keep,TRUE,C68Rx_552_63,WiDivMerged,su1,Ne,CT,FALSE,TRUE,0,100,0,2,100,5
81,P39 su,,2019-01-29,8,8,2019-02-12,8,2019-02-21,n,13,4462,,,,,,,,,,3,Fine,Keep,TRUE,P39,all_sweet,su1,Mdw,IN,FALSE,FALSE,0,100,0,2,100,5
83,IL11D,,2019-01-29,8,8,2019-02-12,8,2019-02-21,n,13,4054,,,,,,,,,,3,Fine,Keep,TRUE,IL11D,all_sweet,su1,Mdw,IL,TRUE,TRUE,0,100,0,2,100,5
88,C42,,2019-01-29,8,8,2019-02-12,8,2019-02-21,n,13,3960,,,,,,,,,,3,Fine,Keep,TRUE,Ames23507,all_sweet,su1,Ne,CT,TRUE,TRUE,0,100,0,2,100,5
92,Strain 675A-415-68(B),,2019-01-29,5,5,2019-02-12,5,2019-02-21,n,14,32570,,,,,,,,,,3,Fine,Keep,TRUE,PI358531,all_sweet,su1,Mdw,IL,FALSE,FALSE,0,100,0,2,100,5
93,IL18b,,2019-01-29,8,8,2019-02-12,8,2019-02-21,n,13,4063,,,,,,,,,,3,Fine,Keep,TRUE,IL18b,WiDivMerged,se,Mdw,IL,TRUE,TRUE,0,100,0,2,100,5
94,C5 Cold Hardy Comp,,2019-01-29,2 (both are small),2,2019-02-12,2,2019-02-21,n,13,3962,,,,,,,,,,3,Bad,Caution,TRUE,,NA,NA,Ne,CT,FALSE,FALSE,0,100,0,2,100,5
95,C65,,2019-01-29,7,7,2019-02-12,7,2019-02-21,n,13,3965,,,,,,,,,,3,Fine,Keep,TRUE,C65,WiDivMerged,su1,Ne,CT,TRUE,TRUE,0,100,0,2,100,5
97,R853 sh2,,2019-01-29,6,6,2019-02-12,6,2019-02-21,n,13,4516,,,,,,,,,,3,Fine,Keep,TRUE,R853,WiDivMerged,sh2,Mdw,IL,FALSE,FALSE,0,100,0,2,100,5
99,IL27A-317-68©,,2019-01-29,8,8,2019-02-12,8,2019-02-21,n,13,3908,,,,,,,,,,3,Fine,Keep,TRUE,IL27a,WiDivMerged,su1,Mdw,IL,FALSE,FALSE,0,100,0,2,100,5
100,P51xRp1d,,2019-01-29,8,8,2019-02-12,8,2019-02-21,n,13,4514,,,,,,,,,,3,Fine,Keep,TRUE,P51xRp1d,all_sweet,su1,Mdw,IN,TRUE,TRUE,0,100,0,2,100,5
101,IL14H,,2019-01-29,6,6,2019-02-12,6,2019-02-21,n,13,4062,,,,,,,,,,3,Fine,Keep,TRUE,Ames27118,all_sweet,su1,Mdw,IL,TRUE,TRUE,0,100,0,2,100,5
103,IL678a,,2019-01-29,7,7,2019-02-12,7,2019-02-21,n,13,4212,,,,,,,,,,3,Fine,Keep,TRUE,IL678a,WiDivMerged,su1,Mdw,IL,TRUE,TRUE,0,100,0,2,100,5
105,R839,,2019-01-29,5,5,2019-02-12,5,2019-02-21,n,14,32360,,,,,,,,,,3,Fine,Keep,TRUE,NSL42806,all_sweet,sh2,Mdw,IL,TRUE,TRUE,0,100,0,2,100,5
106,Ma2402,,2019-01-29,6 (1 small),6,2019-02-12,6,2019-02-21,n,13,4352,,,,,,,,,,3,Fine,Keep,TRUE,Ma2402,WiDivMerged,su1,Ne,MA,TRUE,TRUE,0,100,0,2,100,5
109,W5543,,2019-01-29,8,8,2019-02-12,8,2019-02-21,n,14,32215,,,,,,,,,,3,Fine,Keep,TRUE,Ames22056,all_sweet,su1,Mdw,WI,TRUE,TRUE,0,100,0,2,100,5
110,IL673a,,2019-01-29,7,7,2019-02-12,7,2019-02-21,n,13,4207,,,,,,,,,,3,Fine,Keep,TRUE,IL673a,WiDivMerged,su1,Mdw,IL,TRUE,TRUE,0,100,0,2,100,5
112,W6462,,2019-01-29,5 (small),5,2019-02-12,5,2019-02-21,n,14,32211,,,,,,,,,,3,Fine,Keep,TRUE,Ames22060,all_sweet,su1,Mdw,WI,TRUE,TRUE,0,100,0,2,100,5
113,IL711a,,2019-01-29,8,8,2019-02-12,8,2019-02-21,n,13,4229,,,,,,,,,,3,Fine,Keep,TRUE,,NA,NA,Mdw,IL,FALSE,FALSE,0,100,0,2,100,5
114,B5765 Se,,2019-02-14,8,8,2019-02-27,8,2019-03-08,n,13,3934,,,,,,,,,,3,Fine,Keep,TRUE,B5765,WiDivMerged,NA,Mdw,IL,FALSE,FALSE,0,100,0,2,100,5
115,IL744a,,2019-02-14,8,8,2019-02-27,8,2019-03-08,n,13,4237,,,,,,,,,,3,Fine,Keep,TRUE,IL744a,WiDivMerged,su1,Mdw,IL,TRUE,TRUE,0,100,0,2,100,5
117,SC1441,,2019-02-14,7,7,2019-02-27,7,2019-03-08,n,13,4517,,,,,,,,,,3,Fine,Keep,TRUE,SC1441,WiDivMerged,su1,Sou,SC,TRUE,TRUE,0,100,0,2,100,5
120,P51B,,2019-02-14,8,8,2019-02-27,8,2019-03-08,n,14,32202,,,,,,,,,,3,Fine,Keep,TRUE,NSL8582,all_sweet,su1,Mdw,IN,TRUE,TRUE,0,100,0,2,100,5
122,sm*sm*smooth@@,Sm* Sm* smooth @@,2019-02-14,6,6,2019-02-27,6,2019-03-08,n,13,4519,,,,,,,,,,3,Fine,Keep,TRUE,,NA,su1,,,FALSE,TRUE,0,100,0,2,100,5
123,GMBAB,,2019-02-14,7,7,2019-02-27,7,2019-03-08,n,14,31225,,,,,,,,,,3,Fine,Keep,TRUE,GMBAB,WiDivMerged,su1,,,TRUE,TRUE,0,100,0,2,100,5
126,IaCG4189,,2019-02-14,7 (+ 1 dying?),7,2019-02-27,7,2019-03-08,n,13,4040,,,,,,,,,,3,Fine,Keep,TRUE,Ames22025,all_sweet,su1,Mdw,IA,TRUE,TRUE,0,100,0,2,100,5
127,CTS6-1,,2019-02-14,8,8,2019-02-27,8,2019-03-08,n,13,4008,,,,,,,,,,3,Fine,Keep,TRUE,CTS6_1,all_sweet,su1,,,TRUE,FALSE,0,100,0,2,100,5
128,EP62,,2019-02-14,8,8,2019-02-27,8,2019-03-08,n,14,31155,,,,,,,,,,3,Fine,Keep,TRUE,EP62,all_sweet,su1,Int,SP,TRUE,TRUE,0,100,0,2,100,5
129,P39a,,2019-02-14,6,6,2019-02-27,6,2019-03-08,n,13,4468,,,,,,,,,,3,Fine,Keep,TRUE,NSL8583,all_sweet,su1,Mdw,IN,TRUE,TRUE,0,100,0,2,100,5
131,P39M94,,2019-02-14,6,6,2019-02-27,6,2019-03-08,n,13,4505,,,,,,,,,,3,Fine,Keep,TRUE,P39M94,WiDivMerged,su1,Mdw,IN,TRUE,TRUE,0,100,0,2,100,5
132,C27,,2019-02-14,7,7,2019-02-27,7,2019-03-08,n,13,3948,,,,,,,,,,3,Fine,Keep,TRUE,Ames22019,all_sweet,su1,Ne,CT,TRUE,TRUE,0,100,0,2,100,5
134,W6728,,2019-02-14,8,8,2019-02-27,8,2019-03-08,n,14,32208,,,,,,,,,,3,Fine,Keep,TRUE,W6728,WiDivMerged,su1,Mdw,WI,TRUE,TRUE,0,100,0,2,100,5
135,IL27a,,2019-02-14,8,8,2019-02-27,8,2019-03-08,n,13,4070,,,,,,,,,,3,Fine,Keep,TRUE,IL27a,WiDivMerged,su1,Mdw,IL,TRUE,TRUE,0,100,0,2,100,5
137,IL545,,2019-02-14,8,8,2019-02-27,8,2019-03-08,n,13,4160,,,,,,,,,,3,Fine,Keep,TRUE,IL545,WiDivMerged,su1,Mdw,IL,TRUE,TRUE,0,100,0,2,100,5
138,W6786,,2019-02-14,8,8,2019-02-27,8,2019-03-08,n,13,3868,,,,,,,,,,3,Fine,Keep,TRUE,W6786,WiDivMerged,su1,Mdw,WI,TRUE,TRUE,0,100,0,2,100,5
139,ILB5765 se,,2019-02-14,8,8,2019-02-27,8,2019-03-08,n,13,4336,,,,,,,,,,3,Fine,Keep,TRUE,ILB5765,WiDivMerged,se,Mdw,IL,FALSE,FALSE,0,100,0,2,100,5
140,OLCOTT-1069:72,,2019-02-14,8,8,2019-02-27,8,2019-03-08,n,13,4454,,,,,,,,,,3,Fine,Keep,TRUE,OLCOTT,WiDivMerged,NA,,,FALSE,FALSE,0,100,0,2,100,5
142,P51-3289:61,,2019-02-14,7,7,2019-02-27,7,2019-03-08,n,13,4513,,,,,,,,,,3,Fine,Keep,TRUE,Ames22049,all_sweet,su1,Mdw,IN,FALSE,FALSE,0,100,0,2,100,5
143,Me244-wb,,2019-02-14,8,8,2019-02-27,8,2019-03-08,n,13,4417,,,,,,,,,,3,Fine,Keep,TRUE,Ames22043,all_sweet,su1,Ne,ME,TRUE,TRUE,0,100,0,2,100,5
145,C23,,2019-02-14,8,8,2019-02-27,8,2019-03-08,n,13,3946,,,,,,,,,,3,Fine,Keep,TRUE,C23_su,WiDivMerged,su1,Ne,CT,TRUE,TRUE,0,100,0,2,100,5
146,MDM-23,,2019-02-14,8,8,2019-02-27,8,2019-03-08,n,13,4401,,,,,,,,,,3,Fine,Keep,TRUE,MDM_23,WiDivMerged,su1,,,TRUE,TRUE,0,100,0,2,100,5
147,F2,,2019-02-14,7,7,2019-02-27,7,2019-03-08,n,13,4013,,,,,,,,,,3,Fine,Keep,TRUE,,NA,field,Int,FR,TRUE,TRUE,0,100,0,2,100,5
149,IL751a,,2019-02-14,8,8,2019-02-27,8,2019-03-08,n,18,9134,,,,,,,,,,3,Fine,Keep,TRUE,IL751a,WiDivMerged,su1,Mdw,IL,TRUE,TRUE,0,100,0,2,100,5
150,IL125b,,2019-02-14,8,8,2019-02-27,8,2019-03-08,n,13,4058,,,,,,,,,,3,Fine,Keep,TRUE,IL125b,WiDivMerged,su1,Mdw,IL,TRUE,TRUE,0,100,0,2,100,5
152,IL47A,,2019-02-14,8,8,2019-02-27,8,2019-03-08,n,13,4156,,,,,,,,,,3,Fine,Keep,TRUE,IL47A,WiDivMerged,su1,Mdw,IL,TRUE,TRUE,0,100,0,2,100,5
153,A648,,2019-02-14,8,8,2019-02-27,8,2019-03-08,n,13,3928,,,,,,,,,,3,Fine,Keep,TRUE,A648,WiDivMerged,su1,Mdw,MN,TRUE,TRUE,0,100,0,2,100,5
156,IL777a,,2019-02-14,7,7,2019-02-27,7,2019-03-08,n,13,4303,,,,,,,,,,3,Fine,Keep,TRUE,IL777a,WiDivMerged,su1,Mdw,IL,TRUE,TRUE,0,100,0,2,100,5
157,R825,,2019-02-14,1,1,2019-02-27,1,2019-03-08,n,14,32359,,,,,,,,,,3,Bad,Caution,TRUE,NSL42805,all_sweet,sh2,Mdw,IL,TRUE,TRUE,0,100,0,2,100,5
160,Ma401,,2019-02-14,3,3,2019-02-27,3,2019-03-08,n,13,4356,,,,,,,,,,3,Fine,Keep,TRUE,Ma401,WiDivMerged,su1,Ne,MA,TRUE,TRUE,0,100,0,2,100,5
161,IL14H-588-68(B),,2019-02-14,6,6,2019-02-27,6,2019-03-08,n,13,3865,,,,,,,,,,3,Fine,Keep,TRUE,Ames27118,all_sweet,su1,Mdw,IL,FALSE,FALSE,0,100,0,2,100,5
162,IL767a,,2019-02-14,5,5,2019-02-27,5,2019-03-08,n,13,4252,,,,,,,,,,3,Fine,Keep,TRUE,,NA,NA,Mdw,IL,FALSE,FALSE,0,100,0,2,100,5
164,IL328a,,2019-02-14,7,7,2019-02-27,7,2019-03-08,n,13,4107,,,,,,,,,,3,Fine,Keep,TRUE,IL328a,WiDivMerged,su1,Mdw,IL,TRUE,TRUE,0,100,0,2,100,5
167,W6786,,2019-02-14,8,8,2019-02-27,8,2019-03-08,n,13,4544,,,,,,,,,,3,Fine,Keep,TRUE,W6786,WiDivMerged,su1,Mdw,WI,TRUE,TRUE,0,100,0,2,100,5
168,P51,,2019-02-14,8,8,2019-02-27,8,2019-03-08,n,13,4512,,,,,,,,,,3,Fine,Keep,TRUE,Ames22049,all_sweet,su1,Mdw,IN,TRUE,TRUE,0,100,0,2,100,5
169,P39M96,,2019-02-14,5,5,2019-02-27,5,2019-03-08,n,13,4510,,,,,,,,,,3,Fine,Keep,TRUE,Ames22048,all_sweet,su1,Mdw,IN,TRUE,TRUE,0,100,0,2,100,5
172,Ma5125,,2019-02-14,8,8,2019-02-27,8,2019-03-08,n,13,4358,,,,,,,,,,3,Fine,Keep,TRUE,Ma5125,WiDivMerged,su1,Ne,MA,TRUE,TRUE,0,100,0,2,100,5
175,W5552,,2019-02-14,8,8,2019-02-27,8,2019-03-08,n,14,32214,,,,,,,,,,3,Fine,Keep,TRUE,Ames22057,all_sweet,su1,Mdw,WI,TRUE,TRUE,0,100,0,2,100,5
182,SD789,,2019-02-14,8,8,2019-02-27,8,2019-03-08,n,14,32368,,,,,,,,,,3,Fine,Keep,TRUE,SD789,WiDivMerged,su1,Mdw,SD,TRUE,TRUE,0,100,0,2,100,5
184,STRAIN T33-399-68B,Strain T33-399-68(B),2019-02-14,6,6,2019-02-27,6,2019-03-08,n,13,4530,,,,,,,,,,3,Fine,Keep,TRUE,PI358538,all_sweet,su1,Mdw,IL,FALSE,FALSE,0,100,0,2,100,5
186,MDM-1,,2019-02-14,7,7,2019-02-27,7,2019-03-08,n,13,4361,,,,,,,,,,3,Fine,Keep,TRUE,MDM_1,WiDivMerged,su1,,,TRUE,TRUE,0,100,0,2,100,5
187,P39xRp1d,P39 x Rp1d,2019-02-14,8,8,2019-02-27,8,2019-03-08,n,13,4463,,,,,,,,,,3,Fine,Keep,TRUE,P39_x_Rp1d,WiDivMerged,su1,Mdw,IN,TRUE,TRUE,0,100,0,2,100,5
188,IL437a,,2019-02-14,7,7,2019-02-27,7,2019-03-08,n,13,4118,,,,,,,,,,3,Fine,Keep,TRUE,IL437a,all_sweet,su1,Mdw,IL,TRUE,TRUE,0,100,0,2,100,5
189,IL671a,,2019-02-14,8,8,2019-02-27,8,2019-03-08,n,13,4206,,,,,,,,,,3,Fine,Keep,TRUE,IL671a,WiDivMerged,su1,Mdw,IL,TRUE,TRUE,0,100,0,2,100,5
192,471-U6,,2019-02-14,7,7,2019-02-27,7,2019-03-08,n,13,3916,,,,,,,,,,3,Fine,Keep,TRUE,471_U6,WiDivMerged,su1,,USDA,TRUE,TRUE,0,100,0,2,100,5
194,EP82,,2019-02-14,7,7,2019-02-27,7,2019-03-08,n,14,31156,,,,,,,,,,3,Fine,Keep,TRUE,EP82,all_sweet,su1,Int,SP,TRUE,TRUE,0,100,0,2,100,5
199,IL731,,2019-02-14,7,7,2019-02-27,7,2019-03-08,n,13,3915,,,,,,,,,,3,Fine,Keep,TRUE,Ames27444,all_sweet,se,Mdw,IL,FALSE,FALSE,0,100,0,2,100,5
203,IL442a,,2019-02-14,8,8,2019-02-27,8,2019-03-08,n,18,8762,,,,,,,,,,3,Fine,Keep,TRUE,IL442a,WiDivMerged,su1,Mdw,IL,TRUE,TRUE,0,100,0,2,100,5
204,C13,,2019-02-14,8,8,2019-02-27,8,2019-03-08,n,13,3938,,,,,,,,,,3,Fine,Keep,TRUE,PI587126,all_sweet,su1,Ne,CT,TRUE,TRUE,0,100,0,2,100,5
205,EP58,,2019-02-14,8,8,2019-02-27,8,2019-03-08,n,14,31152,,,,,,,,,,3,Fine,Keep,TRUE,EP58,all_sweet,su1,Int,SP,TRUE,TRUE,0,100,0,2,100,5
210,IL430a,,2019-02-14,8,8,2019-02-27,8,2019-03-08,n,13,4117,,,,,,,,,,3,Fine,Keep,TRUE,IL430a,WiDivMerged,su1,Mdw,IL,TRUE,TRUE,0,100,0,2,100,5
211,IL774d,,2019-02-14,3,3,2019-02-27,3,2019-03-08,n,13,4268,,,,,,,,,,3,Fine,Keep,TRUE,,NA,NA,Mdw,IL,FALSE,FALSE,0,100,0,2,100,5
212,F7,,2019-02-14,8,8,2019-02-27,8,2019-03-08,n,13,4014,,,,,,,,,,3,Fine,Keep,TRUE,,NA,field,Int,FR,TRUE,TRUE,0,100,0,2,100,5
215,SD469,,2019-02-14,8,8,2019-02-27,8,2019-03-08,n,14,32366,,,,,,,,,,3,Fine,Keep,TRUE,SD469,WiDivMerged,su1,Mdw,SD,TRUE,TRUE,0,100,0,2,100,5
217,P39,,2019-02-14,7,7,2019-02-27,7,2019-03-08,n,13,4458,,,,,,,,,,3,Fine,Keep,TRUE,P39,WiDivMerged,su1,Mdw,IN,TRUE,TRUE,0,100,0,2,100,5
218,W6366,,2019-02-14,5,5,2019-02-27,5,2019-03-08,n,14,32212,,,,,,,,,,3,Fine,Keep,TRUE,Ames22059,all_sweet,su1,Mdw,WI,TRUE,TRUE,0,100,0,2,100,5
220,Ia5145,,2019-02-14,4,4,2019-02-27,4,2019-03-08,n,13,4036,,,,,,,,,,3,Fine,Keep,TRUE,Ames22031,all_sweet,NA,Mdw,IA,TRUE,FALSE,0,100,0,2,100,5
221,MR14,,2019-02-14,8,8,2019-02-27,8,2019-03-08,n,13,4425,,,,,,,,,,3,Fine,Keep,TRUE,MR14,all_sweet,su1,Mdw,WI,TRUE,FALSE,0,100,0,2,100,5
223,S43,,2019-02-14,6,6,2019-02-27,6,2019-03-08,n,14,32204,,,,,,,,,,3,Fine,Keep,TRUE,Ames23510,all_sweet,su1,Mdw,MN,TRUE,TRUE,0,100,0,2,100,5
224,M822,,2019-02-14,8,8,2019-02-27,8,2019-03-08,n,13,4351,,,,,,,,,,3,Fine,Keep,TRUE,M822,WiDivMerged,su1,,,TRUE,TRUE,0,100,0,2,100,5
225,Ma32,,2019-02-14,8,8,2019-02-27,8,2019-03-08,n,13,4347,,,,,,,,,,3,Fine,Keep,TRUE,Ames22036,all_sweet,su1,Ne,MA,TRUE,TRUE,0,100,0,2,100,5
228,A7,,2019-02-28,7 (only 2 are healthy),2,2019-03-15,2,2019-03-26,n,13,3933,,,,,,,,,,3,Bad,Caution,TRUE,A7,WiDivMerged,su1,Mdw,MN,TRUE,TRUE,0,100,0,2,100,5
233,sm*sm*wrinkled @@,sm*sm* wrinkled @@,2019-02-28,7,7,2019-03-15,7,2019-03-26,n,13,4520,,,,,,,,,,3,Fine,Keep,TRUE,,NA,su1,,,FALSE,TRUE,0,100,0,2,100,5
239,IL661a,,2019-02-28,5 (+1 bad),5,2019-03-15,5,2019-03-26,n,18,8968,,,,,,,,,,3,Fine,Keep,TRUE,IL661a,WiDivMerged,su1,Mdw,IL,TRUE,TRUE,0,100,0,2,100,5
240,SD908,,2019-02-28,5,5,2019-03-15,5,2019-03-26,n,14,32371,,,,,,,,,,3,Fine,Keep,TRUE,SD908,WiDivMerged,su1,Mdw,SD,TRUE,TRUE,0,100,0,2,100,5
242,Vineland576,,2019-02-28,7,7,2019-03-15,7,2019-03-26,n,13,4542,,,,,,,,,,3,Fine,Keep,TRUE,Vineland576,WiDivMerged,su1,,,TRUE,TRUE,0,100,0,2,100,5
245,IL707a,,2019-02-28,7,7,2019-03-15,7,2019-03-26,n,13,4227,,,,,,,,,,3,Fine,Keep,TRUE,IL707a,WiDivMerged,su1,Mdw,IL,TRUE,TRUE,0,100,0,2,100,5
249,IL110K,,2019-02-28,6,6,2019-03-15,6,2019-03-26,n,13,3860,,,,,,,,,,3,Fine,Keep,TRUE,IL110K,all_sweet,su1,Mdw,IL,TRUE,TRUE,0,100,0,2,100,5
252,Me2,,2019-02-28,1,1,2019-03-15,1,2019-03-26,n,14,32562,,,,,,,,,,3,Bad,Caution,TRUE,Me2,WiDivMerged,su1,Ne,ME,TRUE,TRUE,0,100,0,2,100,5
255,IL772a,,2019-02-28,6,6,2019-03-15,6,2019-03-26,n,13,4259,,,,,,,,,,3,Fine,Keep,TRUE,IL772a,WiDivMerged,su1,Mdw,IL,TRUE,TRUE,0,100,0,2,100,5
257,C7,,2019-02-28,4,4,2019-03-15,4,2019-03-26,n,13,4001,,,,,,,,,,3,Fine,Keep,TRUE,Ames22012,all_sweet,su1,Ne,CT,TRUE,TRUE,0,100,0,2,100,5
295,A10579,,2019-02-28,7,7,2019-03-15,7,2019-03-26,n,13,3925,,,,,,,,,,3,Fine,Keep,TRUE,A10579,WiDivMerged,su1,,,TRUE,TRUE,0,100,0,2,100,5
296,Me123,,2019-02-28,8,8,2019-03-15,8,2019-03-26,n,13,4412,,,,,,,,,,3,Fine,Keep,TRUE,Ames22040,all_sweet,su1,Ne,ME,TRUE,TRUE,0,100,0,2,100,5
298,SD176,,2019-02-28,6,6,2019-03-15,6,2019-03-26,n,14,32363,,,,,,,,,,3,Fine,Keep,TRUE,SD176,WiDivMerged,su1,Mdw,SD,TRUE,TRUE,0,100,0,2,100,5
299,IL802b Ht2,,2019-02-28,7,7,2019-03-15,7,2019-03-26,n,13,4331,,,,,,,,,,3,Fine,Keep,TRUE,IL802b_Ht2,WiDivMerged,su1,Mdw,IL,TRUE,FALSE,0,100,0,2,100,5
302,IL764b,,2019-02-28,8,8,2019-03-15,8,2019-03-26,n,13,4247,,,,,,,,,,3,Fine,Keep,TRUE,IL764b,WiDivMerged,su1,Mdw,IL,TRUE,TRUE,0,100,0,2,100,5
305,IL769a,,2019-02-28,7,7,2019-03-15,7,2019-03-26,n,18,9204,,,,,,,,,,3,Fine,Keep,TRUE,,NA,NA,Mdw,IL,FALSE,FALSE,0,100,0,2,100,5
313,EP83,,2019-02-28,8,8,2019-03-15,8,2019-03-26,n,14,31229,,,,,,,,,,3,Fine,Keep,TRUE,EP83,all_sweet,su1,Int,SP,TRUE,TRUE,0,100,0,2,100,5
337,W3742,,2019-02-28,6,6,2019-03-15,6,2019-03-26,n,14,32216,,,,,,,,,,3,Fine,Keep,TRUE,Ames22055,all_sweet,su1,Mdw,WI,TRUE,TRUE,0,100,0,2,100,5
338,P39Le-253,,2019-03-12,8,8,2019-03-26,8,2019-04-10,n,13,4470,,,,,,,,,,3,Fine,Keep,TRUE,P39Le_253_60,WiDivMerged,su1,Mdw,IN,TRUE,TRUE,0,100,0,2,100,5
340,SC6069,,2019-03-12,8,8,2019-03-26,8,2019-04-10,n,13,4518,,,,,,,,,,3,Fine,Keep,TRUE,SC6069,WiDivMerged,su1,Sou,SC,TRUE,TRUE,0,100,0,2,100,5
341,Jubileeex9017,,2019-03-12,8,8,2019-03-26,8,2019-04-10,n,13,4343,,,,,,,,,,3,Fine,Keep,TRUE,Jubileeex9017,WiDivMerged,su1,,,TRUE,TRUE,0,100,0,2,100,5
342,R851,,2019-03-12,4,4,2019-03-26,4,2019-04-10,n,14,32361,,,,,,,,,,3,Fine,Keep,TRUE,R851,WiDivMerged,sh2,Mdw,IL,TRUE,TRUE,0,100,0,2,100,5
346,V775,,2019-03-12,7,7,2019-03-26,7,2019-04-10,n,13,4539,,,,,,,,,,3,Fine,Keep,TRUE,V775,WiDivMerged,su1,,,TRUE,TRUE,0,100,0,2,100,5
351,IL44b,,2019-03-12,8,8,2019-03-26,8,2019-04-10,n,13,4125,,,,,,,,,,3,Fine,Keep,TRUE,IL44b,WiDivMerged,se,Mdw,IL,TRUE,TRUE,0,100,0,2,100,5
352,IL773a,,2019-03-12,4,4,2019-03-26,4,2019-04-10,n,14,32408,,,,,,,,,,3,Fine,Keep,TRUE,IL773a,WiDivMerged,su1,Mdw,IL,TRUE,TRUE,0,100,0,2,100,5
355,P39b,,2019-03-12,5,5,2019-03-26,5,2019-04-10,n,13,4469,,,,,,,,,,3,Fine,Keep,TRUE,P39b,WiDivMerged,su1,Mdw,IN,TRUE,TRUE,0,100,0,2,100,5
357,IL1171,,2019-03-12,8,8,2019-03-26,8,2019-04-10,n,13,4052,,,,,,,,,,3,Fine,Keep,TRUE,IL1171,all_sweet,su1,Mdw,IL,TRUE,TRUE,0,100,0,2,100,5
362,Il101t su,,2019-03-12,7,7,2019-03-26,7,2019-04-10,n,18,8616,,,,,,,,,,3,Fine,Keep,TRUE,,NA,NA,Mdw,IL,FALSE,FALSE,0,100,0,2,100,5
365,MDM-19,,2019-03-12,7,7,2019-03-26,7,2019-04-10,n,13,4367,,,,,,,,,,3,Fine,Keep,TRUE,MDM_19,WiDivMerged,su1,,,TRUE,TRUE,0,100,0,2,100,5
374,SD226,,2019-03-12,5 (1 small),5,2019-03-26,5,2019-04-10,n,14,32364,,,,,,,,,,3,Fine,Keep,TRUE,SD226,WiDivMerged,su1,Mdw,SD,TRUE,TRUE,0,100,0,2,100,5
375,Me121-wb,,2019-03-12,7,7,2019-03-26,7,2019-04-10,n,13,4411,,,,,,,,,,3,Fine,Keep,TRUE,Me121_wb,all_sweet,su1,Ne,ME,TRUE,TRUE,0,100,0,2,100,5
384,Wh05051,,2019-03-12,2,2,2019-03-26,2,2019-04-10,n,10,41012,,,,,,,,,,3,Bad,Caution,TRUE,Wh05051,WiDivMerged,sh2,Mdw,WI,TRUE,TRUE,0,100,0,2,100,5
389,Wh12005,,2019-03-12,5,5,2019-03-26,5,2019-04-10,n,15,8112,,,,,,,,,,3,Fine,Keep,TRUE,,NA,sh2,Mdw,WI,TRUE,FALSE,0,100,0,2,100,5
394,Wuh09183i,,2019-03-12,8,8,2019-03-26,8,2019-04-10,n,15,8109,,,,,,,,,,3,Fine,Keep,TRUE,Wuh09183i,WiDivMerged,sh2i,Mdw,WI,TRUE,TRUE,0,100,0,2,100,5
397,Wuh12019i,,2019-03-12,4,4,2019-03-26,4,2019-04-10,n,16,9355,,,,,,,,,,3,Fine,Keep,TRUE,,NA,sh2i,Mdw,WI,TRUE,FALSE,0,100,0,2,100,5
409,Wh09033,,2019-03-12,6,6,2019-03-26,6,2019-04-10,n,18,2847,,,,,,,,,,3,Fine,Keep,TRUE,Wh09033,WiDivMerged,sh2,Mdw,WI,TRUE,TRUE,0,100,0,2,100,5
410,We09425,,2019-03-12,7,7,2019-03-26,7,2019-04-10,n,11,8130,,,,,,,,,,3,Fine,Keep,TRUE,We09425,WiDivMerged,se,Mdw,WI,TRUE,TRUE,0,100,0,2,100,5
413,Wuh09149i,,2019-03-12,7,7,2019-03-26,7,2019-04-10,n,14,41803,,,,,,,,,,3,Fine,Keep,TRUE,Wuh09149i,WiDivMerged,sh2i,Mdw,WI,TRUE,TRUE,0,100,0,2,100,5
415,Wh10110R,,2019-03-12,7,7,2019-03-26,7,2019-04-10,n,10,41325,,,,,,,,,,3,Fine,Keep,TRUE,Wh10110R,WiDivMerged,sh2,Mdw,WI,TRUE,TRUE,0,100,0,2,100,5
416,We09413,,2019-03-12,8,8,2019-03-26,8,2019-04-10,n,14,41214,,,,,,,,,,3,Fine,Keep,TRUE,We09413,WiDivMerged,se,Mdw,WI,TRUE,TRUE,0,100,0,2,100,5
419,Wuh09191i,,2019-03-12,1,1,2019-03-26,1,2019-04-10,n,10,41441,,,,,,,,,,3,Bad,Caution,TRUE,Wuh09191i,WiDivMerged,sh2i,Mdw,WI,TRUE,TRUE,0,100,0,2,100,5
420,Wh09117R,,2019-03-12,2,2,2019-03-26,2,2019-04-10,n,14,41409,,,,,,,,,,3,Bad,Caution,TRUE,Wh09117R,WiDivMerged,sh2,Mdw,WI,TRUE,TRUE,0,100,0,2,100,5
429,Wh07165R,,2019-03-12,3,3,2019-03-26,3,2019-04-10,n,15,7866,,,,,,,,,,3,Fine,Keep,TRUE,Wh07165R,WiDivMerged,sh2,Mdw,WI,TRUE,TRUE,0,100,0,2,100,5
430,Wh10034R,,2019-03-12,8,8,2019-03-26,8,2019-04-10,n,14,41419,,,,,,,,,,3,Fine,Keep,TRUE,Wh10034R,WiDivMerged,sh2,Mdw,WI,TRUE,TRUE,0,100,0,2,100,5
438,Wuh07186i,,2019-03-12,7,7,2019-03-26,7,2019-04-10,n,14,41615,,,,,,,,,,3,Fine,Keep,TRUE,Wuh07186i,WiDivMerged,sh2i,Mdw,WI,TRUE,TRUE,0,100,0,2,100,5
443,Wuh07481i,,2019-03-12,4,4,2019-03-26,4,2019-04-10,n,11.12 CCOWN,2-6-6-4(2120),,,,,,,,,,3,Fine,Keep,TRUE,Wuh07481i,WiDivMerged,sh2i,Mdw,WI,TRUE,TRUE,0,100,0,2,100,5
452,Wh10090R,,2019-03-28,5,5,2019-04-10,5,2019-04-25,n,10,41320,,,,,,,,,,3,Fine,Keep,TRUE,,NA,sh2,Mdw,WI,TRUE,FALSE,0,100,0,2,100,5
453,Wuh11816i,,2019-03-28,1,1,2019-04-10,1,2019-04-25,n,17,7236,,,,,,,,,,3,Bad,Caution,TRUE,,NA,sh2i,Mdw,WI,TRUE,FALSE,0,100,0,2,100,5
454,Wh09075,,2019-03-28,1,1,2019-04-10,1,2019-04-25,n,10,2444,,,,,,,,,,3,Bad,Caution,TRUE,Wh09075,WiDivMerged,sh2,Mdw,WI,TRUE,TRUE,0,100,0,2,100,5
460,Wh95016a,,2019-03-28,8,8,2019-04-10,8,2019-04-25,n,8,3-2-1-5(8634),,,,,,,,,,3,Fine,Keep,TRUE,Wh95016a,WiDivMerged,sh2,Mdw,WI,TRUE,TRUE,0,100,0,2,100,5
463,We04806,,2019-03-28,7,7,2019-04-10,7,2019-04-25,n,12,3-4-6-4,,,,,,,,,,3,Fine,Keep,TRUE,,NA,se,Mdw,WI,TRUE,FALSE,0,100,0,2,100,5
464,We01407,,2019-03-28,7,7,2019-04-10,7,2019-04-25,n,14,41108,,,,,,,,,,3,Fine,Keep,TRUE,We01407,WiDivMerged,se,Mdw,WI,TRUE,TRUE,0,100,0,2,100,5
467,We02404,,2019-03-28,8,8,2019-04-10,8,2019-04-25,n,14,,,,,,,,,,,3,Fine,Keep,TRUE,We02404,WiDivMerged,se,Mdw,WI,TRUE,TRUE,0,100,0,2,100,5
471,Wh96034,,2019-03-28,6,6,2019-04-10,6,2019-04-25,n,12,2713,,,,,,,,,,3,Fine,Keep,TRUE,Wh96034,WiDivMerged,sh2,Mdw,WI,TRUE,TRUE,0,100,0,2,100,5
479,Wh10070R,,2019-03-28,3,3,2019-04-10,3,2019-04-25,n,16,9253,,,,,,,,,,3,Fine,Keep,TRUE,,NA,sh2,Mdw,WI,TRUE,FALSE,0,100,0,2,100,5
488,Wuh12018i,,2019-03-28,1,1,2019-04-10,1,2019-04-25,n,14,10244,,,,,,,,,,3,Bad,Caution,TRUE,,NA,sh2i,Mdw,WI,TRUE,FALSE,0,100,0,2,100,5
491,Wh10057R,,2019-03-28,7,7,2019-04-10,7,2019-04-25,n,14,41428,,,,,,,,,,3,Fine,Keep,TRUE,,NA,sh2,Mdw,WI,TRUE,FALSE,0,100,0,2,100,5
494,Wh14100V,,2019-03-28,2,2,2019-04-10,2,2019-04-25,n,18,2863,,,,,,,,,,3,Bad,Caution,TRUE,,NA,sh2,Mdw,WI,TRUE,FALSE,0,100,0,2,100,5
495,Wh00051,,2019-03-28,6,6,2019-04-10,6,2019-04-25,n,14,41224,,,,,,,,,,3,Fine,Keep,TRUE,Wh00051,WiDivMerged,sh2,Mdw,WI,TRUE,TRUE,0,100,0,2,100,5
496,Wh10052R,,2019-03-28,8,8,2019-04-10,8,2019-04-25,n,12,2701,,,,,,,,,,3,Fine,Keep,TRUE,,NA,sh2,Mdw,WI,TRUE,FALSE,0,100,0,2,100,5
501,Wh93016,,2019-03-28,8,8,2019-04-10,8,2019-04-25,n,11,10369,,,,,,,,,,3,Fine,Keep,TRUE,Wh93016,WiDivMerged,sh2,Mdw,WI,TRUE,TRUE,0,100,0,2,100,5
502,Wh08039,,2019-03-28,4,4,2019-04-10,4,2019-04-25,n,16,9231,,,,,,,,,,3,Fine,Keep,TRUE,,NA,sh2,Mdw,WI,TRUE,FALSE,0,100,0,2,100,5
504,Wuh12037i,,2019-03-28,8,8,2019-04-10,8,2019-04-25,n,14,10261,,,,,,,,,,3,Fine,Keep,TRUE,,NA,sh2i,Mdw,WI,TRUE,FALSE,0,100,0,2,100,5
511,Wuh12020i,,2019-03-28,5,5,2019-04-10,5,2019-04-25,n,14,10248,,,,,,,,,,3,Fine,Keep,TRUE,,NA,sh2i,Mdw,WI,TRUE,FALSE,0,100,0,2,100,5
512,Wh10067R,,2019-03-28,5,5,2019-04-10,5,2019-04-25,n,12,2713,,,,,,,,,,3,Fine,Keep,TRUE,,NA,sh2,Mdw,WI,TRUE,FALSE,0,100,0,2,100,5
513,Wuh12027i,,2019-03-28,7,7,2019-04-10,7,2019-04-25,n,14,10253,,,,,,,,,,3,Fine,Keep,TRUE,,NA,sh2i,Mdw,WI,TRUE,FALSE,0,100,0,2,100,5
514,Wh10068R,,2019-03-28,8,8,2019-04-10,8,2019-04-25,n,13,8453,,,,,,,,,,3,Fine,Keep,TRUE,,NA,sh2,Mdw,WI,TRUE,FALSE,0,100,0,2,100,5
515,Wuh11813i,,2019-03-28,1,1,2019-04-10,1,2019-04-25,n,17,7223,,,,,,,,,,3,Bad,Caution,TRUE,,NA,sh2i,Mdw,WI,TRUE,FALSE,0,100,0,2,100,5
516,Wuh11810i,,2019-03-28,8,8,2019-04-10,8,2019-04-25,n,17,7221,,,,,,,,,,3,Fine,Keep,TRUE,,NA,sh2i,Mdw,WI,TRUE,FALSE,0,100,0,2,100,5
524,M6415,,2019-03-28,6,6,2019-04-10,6,2019-04-25,n,10,2-7-16-7 (6635),,,,,,,,,,3,Fine,Keep,TRUE,M6415,WiDivMerged,aeduwx,,USDA,TRUE,TRUE,0,100,0,2,100,5
525,WVG3,,2019-03-28,4,4,2019-04-10,4,2019-04-25,n,97,1-5-2-10(7335),,,,,,,,,,3,Fine,Keep,TRUE,WVG3,WiDivMerged,su1,Mdw,WI,TRUE,TRUE,0,100,0,2,100,5
528,M6388,,2019-03-28,8,8,2019-04-10,8,2019-04-25,n,12,2-6-10-5,,,,,,,,,,3,Fine,Keep,TRUE,M6388,WiDivMerged,aeduwx,,USDA,TRUE,TRUE,0,100,0,2,100,5
531,Wh09086,,2019-03-28,2,2,2019-04-10,2,2019-04-25,n,13.14 CCO,3228,,,,,,,,,,3,Bad,Caution,TRUE,,NA,sh2,Mdw,WI,TRUE,FALSE,0,100,0,2,100,5
532,wh10117R,,2019-03-28,6,6,2019-04-10,6,2019-04-25,n,10,41334,,,,,,,,,,3,Fine,Keep,TRUE,,NA,sh2,Mdw,WI,TRUE,FALSE,0,100,0,2,100,5
535,Wh11008,,2019-03-28,4,4,2019-04-10,4,2019-04-25,n,13.14CCO,3234,,,,,,,,,,3,Fine,Keep,TRUE,,NA,sh2,Mdw,WI,TRUE,FALSE,0,100,0,2,100,5
536,Wh10085,,2019-03-28,1,1,2019-04-10,1,2019-04-25,n,12.13ccown,2757,,,,,,,,,,3,Bad,Caution,TRUE,,NA,NA,Mdw,WI,FALSE,FALSE,0,100,0,2,100,5
539,Wuh11805i,,2019-03-28,3,3,2019-04-10,3,2019-04-25,n,13,8502,,,,,,,,,,3,Fine,Keep,TRUE,,NA,sh2i,Mdw,WI,FALSE,FALSE,0,100,0,2,100,5
540,We06409b,,2019-05-22,3,3,2019-06-07,3,2019-06-17,n,14,41127,,,,,,,,,,3,Fine,Keep,TRUE,We06409b,all_sweet,se,Mdw,WI,TRUE,TRUE,0,100,0,2,100,5
541,Wh09087,,2019-05-22,7,7,2019-06-07,7,2019-06-17,n,14,41407,,,,,,,,,,3,Fine,Keep,TRUE,Wh09087,WiDivMerged,sh2,Mdw,WI,TRUE,TRUE,0,100,0,2,100,5
545,Wh93017,,2019-05-22,7,7,2019-06-07,7,2019-06-17,n,14,41222,,,,,,,,,,3,Fine,Keep,TRUE,Wh93017,WiDivMerged,sh2,Mdw,WI,TRUE,TRUE,0,100,0,2,100,5
547,Wuh07183i,,2019-05-22,8,8,2019-06-07,8,2019-06-17,n,14,41614,,,,,,,,,,3,Fine,Keep,TRUE,Wuh07183i,WiDivMerged,sh2i,Mdw,WI,TRUE,TRUE,0,100,0,2,100,5
548,Wh96015,,2019-05-22,4,4,2019-06-07,4,2019-06-17,n,15,7854,,,,,,,,,,3,Fine,Keep,TRUE,,NA,sh2,Mdw,WI,TRUE,TRUE,0,100,0,2,100,5
550,81-1,,2019-05-22,7,7,2019-06-07,7,2019-06-17,n,19,NSL8581,,,,,,,,,,3,Fine,Keep,TRUE,NSL8581,WiDivMerged,su1,,USDA,TRUE,TRUE,0,100,0,2,100,5
551,Wh05081b,,2019-05-22,6,6,2019-06-07,6,2019-06-17,n,15,7859,,,,,,,,,,3,Fine,Keep,TRUE,Wh05081b,all_sweet,sh2,Mdw,WI,TRUE,FALSE,0,100,0,2,100,5
552,Wh05032a ,,2019-05-22,7,7,2019-06-07,7,2019-06-17,n,15,7858,,,,,,,,,,3,Fine,Keep,TRUE,Wh05032a,WiDivMerged,sh2,Mdw,WI,TRUE,TRUE,0,100,0,2,100,5
553,Wh94053,,2019-05-22,5,5,2019-06-07,5,2019-06-17,n,15,7852,,,,,,,,,,3,Fine,Keep,TRUE,Wh94053,WiDivMerged,sh2,Mdw,WI,TRUE,TRUE,0,100,0,2,100,5
554,Wh93006,,2019-05-22,5,5,2019-06-07,5,2019-06-17,n,15,7850,,,,,,,,,,3,Fine,Keep,TRUE,Wh93006,WiDivMerged,sh2,Mdw,WI,TRUE,TRUE,0,100,0,2,100,5
555,Wh98044,,2019-05-22,7,7,2019-06-07,7,2019-06-17,n,11,10406,,,,,,,,,,3,Fine,Keep,TRUE,Wh98044,WiDivMerged,sh2,Mdw,WI,TRUE,TRUE,0,100,0,2,100,5
557,we12401,,2019-05-22,4,4,2019-06-07,4,2019-06-17,n,18,2843,,,,,,,,,,3,Fine,Keep,TRUE,,NA,se,Mdw,WI,TRUE,FALSE,0,100,0,2,100,5
558,Wu00802,,2019-05-22,1,1,2019-06-07,1,2019-06-17,n,11,10418,,,,,,,,,,3,Bad,Caution,TRUE,Wu00802,WiDivMerged,su1,Mdw,WI,TRUE,TRUE,0,100,0,2,100,5
559,we07403a,,2019-05-22,6,6,2019-06-07,6,2019-06-17,n,9,7820,,,,,,,,,,3,Fine,Keep,TRUE,,NA,se,Mdw,WI,TRUE,FALSE,0,100,0,2,100,5
560,wuh07182i,,2019-05-22,6,6,2019-06-07,6,2019-06-17,n,15,8062,,,,,,,,,,3,Fine,Keep,TRUE,Wuh07182i,WiDivMerged,sh2i,Mdw,WI,TRUE,TRUE,0,100,0,2,100,5
561,Wh00065,,2019-05-22,5,5,2019-06-07,5,2019-06-17,n,11,10416,,,,,,,,,,3,Fine,Keep,TRUE,Wh00065,WiDivMerged,sh2,Mdw,WI,TRUE,TRUE,0,100,0,2,100,5
563,We05408,,2019-05-22,8,8,2019-06-07,8,2019-06-17,n,11,10626,,,,,,,,,,3,Fine,Keep,TRUE,We05408,WiDivMerged,se,Mdw,WI,TRUE,TRUE,0,100,0,2,100,5
65,M5,,2019-01-29,7,8,2019-02-12,8,2019-02-21,n,13,4350,,,,,,,,,,3,Fine,Keep,TRUE,M5,WiDivMerged,su1,,,TRUE,TRUE,0,100,0,2,100,5
21,W6720-2,,2019-01-29,missing,0,2019-02-12,0,2019-02-21,n,14,2-1-4-1,,,,,,,,,,NA,NA,NA,TRUE,,NA,NA,Mdw,WI,TRUE,FALSE,NA,NA,NA,NA,NA,NA
43,Ia5145,,2019-01-29,0,0,2019-02-12,0,2019-02-21,n,93,4211,,,,,,,,,,NA,NA,NA,TRUE,Ames22031,all_sweet,NA,Mdw,IA,TRUE,FALSE,NA,NA,NA,NA,NA,NA
390,Wh07051,,2019-03-12,0,0,2019-03-26,0,2019-04-10,n,13.14CCO,3224,,,,,,,,,,NA,NA,NA,TRUE,Wh07051,WiDivMerged,sh2,Mdw,WI,TRUE,TRUE,NA,NA,NA,NA,NA,NA
395,Wh07013,,2019-03-12,0,0,2019-03-26,0,2019-04-10,n,9.10 CCOWN,2052,,,,,,,,,,NA,NA,NA,TRUE,Wh07013,WiDivMerged,sh2,Mdw,WI,TRUE,TRUE,NA,NA,NA,NA,NA,NA
297,NJ143,,2019-02-28,0,0,2019-03-15,0,2019-03-26,y,13,4407,2019-05-22,6,8,8,2019-06-07,0,0,0,2019-06-17,0,Fine,Keep,TRUE,,NA,NA,Ne,NJ,FALSE,FALSE,0,NA,NA,0,0,0
